index,comment_id,text
12429,17911021657044212,"–û–ª–∏–º–ø–∏–π—Å–∫–∏–µ –∏–≥—Ä—ã –¥–∞–≤–Ω–æ –ø–µ—Ä–µ—Å—Ç–∞–ª–∏ –±—ã—Ç—å —Å–æ—Ä–µ–≤–Ω–æ–≤–∞–Ω–∏–µ–º - –æ–Ω–∏ —Å—Ç–∞–ª–∏ –ø–æ–ª–∏—Ç–µ—á–µ—Å–∫–æ–π –ø–ª–æ—â–∞–¥–∫–æ–π. –ï—Å–ª–∏ —Ç–≤–æ—è —Å—Ç—Ä–∞–Ω–∞ –Ω–µ –º–æ–∂–µ—Ç –æ—Ç—Å—Ç–æ—è—Ç—å —ç—Ç–æ –ø—Ä–∞–≤–æ —É—á–∞—Å—Ç–∏—è, –∫–æ–≥–¥–∞ –≤—Å—ë —Å—Ñ–∞–±—Ä–∏–∫–æ–≤–∞–Ω–æ, —Ç–æ –∏ —É —Å–ø–æ—Ä—Ç—Å–º–µ–Ω–∞ –µ—Å—Ç—å –ø–æ–ª–Ω–æ–µ –ø—Ä–∞–≤–æ –≤—ã—Å—Ç—É–ø–∞—Ç—å –ø–æ–¥ –Ω–µ–π—Ç—Ä–∞–ª—å–Ω—ã–º —Ñ–ª–∞–≥–æ–º. –õ–µ–≥–∫–æ —Å–∫–∞–∑–∞—Ç—å:""–±–∞–π–∫–æ—Ç–∏—Ä—É–π—Ç–µ"", –∫–æ–≥–¥–∞ —Å–ø–æ—Ä—Ç—Å–º–µ–Ω—ã –∫–ª–∞–¥—É—Ç –Ω–∞ —ç—Ç–æ –∂–∏–∑–Ω—å, –∂–µ—Ä—Ç–≤—É—è –≤—Å–µ–º. –ù–µ –µ–¥—É—Ç –Ω–∞ –∏–≥—Ä—ã - —Ç–µ—Ä—è—é—Ç –∫–æ–Ω—Ç—Ä–∞–∫—Ç—ã, –¥–µ–Ω—å–≥–∏, –≤—Ä–µ–º—è"
39741,18021701092023456,"–ö–æ–≥–¥–∞ —è –Ω–∞—á–∏–Ω–∞—é —Å –Ω–∏–º —Ä–∞–±–æ—Ç–∞—Ç—å, —Ç–æ –≤–æ–∑–ª–∞–≥–∞—é –Ω–∞–¥–µ–∂–¥—É –Ω–∞ —Å—Ç–∏–ª—å–Ω–æ—Å—Ç—å, –∞ –ø–æ –∏—Ç–æ–≥—É —á—É–≤—Å—Ç–≤—É—é –Ω–µ–∫—É—é —Å—Ç—Ä–æ–≥–æ—Å—Ç—å –∏ –±—Ä—É—Ç–∞–ª—å–Ω–æ—Å—Ç—å. –ò —ç—Ç–æ —á–∞—â–µ –≤—Å–µ–≥–æ –ø—Ä–æ—Ç–∏–≤–æ—Ä–µ—á–µ—Ç –∫–æ–Ω—Ü–µ–ø—Ü–∏–∏ –º–æ–µ–≥–æ –∞–ª—å–±–æ–º–∞. –ü–æ—ç—Ç–æ–º—É —É –º–µ–Ω—è —É–∂–µ –≤–Ω—É—à–∏—Ç–µ–ª—å–Ω–∞—è —Å—Ç–æ–ø–æ—á–∫–∞ –æ–±–ª–æ–∂–µ–∫ –∏–∑ –∫–æ–∂–∑–∞–º–∞, –∫–æ—Ç–æ—Ä—É—é —è –≤–Ω–æ–≤—å –∏ –≤–Ω–æ–≤—å –æ—Ç–∫–ª–∞–¥—ã–≤–∞—é –≤ —Å—Ç–æ—Ä–æ–Ω—ÉüôÉ. @vikabiryza @tytelka10 @liza_lem @yurate_poderega @pilatyuliya"
43685,17861405575542508,"@kristi_richie –º–Ω–æ–≥–∏–µ –º–∞—Å—Ç–µ—Ä–∞ –±–µ—Ä—É—Ç –ø—Ä–µ–¥–æ–ø–ª–∞—Ç—É –∏ –µ–µ —Ç–∏–ø–∞ –Ω–µ –æ—Ç–¥–∞—é—Ç –∏ –Ω–µ –¥–µ–ª–∞—é—Ç –ø—Ä–æ—Ü–µ–¥—É—Ä—É, –µ—Å–ª–∏ —á–µ–ª–æ–≤–µ–∫ –æ–ø–∞–∑–¥–∞–ª. –ù–æ –≤ –ø—Ä–∏–Ω—Ü–∏–ø–µ - —ç—Ç–æ –¥–∏–∫–æ—Å—Ç—å. –í –∫–æ–Ω–µ—á–Ω–æ–º –∏—Ç–æ–≥–µ, —Ç–∞–∫–∏–µ –º–∞—Å—Ç–µ—Ä–∞  –Ω–∞—Ä—ã–≤–∞—é—Ç—Å—è –Ω–∞ —Ç–∞–∫–æ–≥–æ –∂–µ –Ω–∞–≥–ª–æ–≥–æ –∫–ª–∏–µ–Ω—Ç–∞, –∫–æ—Ç–æ—Ä—ã–π –µ—Å–ª–∏ –µ–≥–æ —Ä–∞–∑–æ–∑–ª–∏—Ç—å –º–æ–∂–µ—Ç –∑–∞ –ø—Ä–æ—Ü–µ–¥—É—Ä—É –≤–æ–æ–±—â–µ –Ω–µ –∑–∞–ø–ª–∞—Ç–∏—Ç—å. :)"
17898,17897630548199056,"@ya_budu_mamoj –ø—Ä–æ—á–∏—Å—Ç–∏–ª–∏ –ø–ª–æ—Ö–æ –∏ –Ω–µ —Ç–æ–ª—å–∫–æ –º–µ–Ω—è –Ω–æ –µ—â—ë –º–Ω–æ–≥–∏—Ö –¥–µ–≤—á–æ–Ω–æ–∫ –∏ –ø—Ä–æ—á–∏—â–∞–ª–∏ –≤—Ç–æ—Ä–æ–π —Ä–∞–∑, —Ç.–∫ —Ç–µ–º–ø–µ—Ä–∞—Ç—É—Ä–∞ –¥–µ—Ä–∂–∞–ª–∞—Å—å –∏ –ª–µ–π–∫–æ—Ü–∏—Ç—ã –ø–æ–≤—ã—à–µ–Ω—ã –±—ã–ª–∏ –≤—ã–ø–∏—Å—ã–≤–∞—Ç—å –Ω–µ —Ö–æ—Ç–µ–ª–∏ –∏ —Å–∫–∞–∑–∞–ª–∏ –ø–∏—Ç—å –∞–Ω—Ç–∏–±–∏–æ—Ç–∏–∫–∏ –Ω–æ —è –ø–∏—Å–∞–ª–∞ –∑–∞–ø–∏—Å–∫—É —á—Ç–æ–± –≤—ã–ø–∏—Å–∞–ª–∏ –∏ –ª–æ–º–∞ –ª–µ—á–∏–ª–∞—Å—å —Å—Ä–µ–¥—Å—Ç–≤–∞–º–∏ —á—Ç–æ–± –Ω–µ –ø—Ä–µ–∫—Ä–∞—â–∞—Ç—å –∫–æ—Ä–º–ª–µ–Ω–∏–µ, –∞ –ø—Ä–∏ –∑–∞—à–∏–≤–∞–Ω–∏–µ –∑–∞–º–æ—Ä–æ–∑–∫—É –≤–≤–µ–ª–∏ –∞ –æ–Ω–∞ –Ω–µ –ø–æ–¥–µ–π—Å—Ç–≤–æ–≤–∞–ª–∞ –∏ —Ç–æ–ª—å–∫–æ —Å —Ç—Ä–µ—Ç—å–µ–≥–æ —Ä–∞–∑–∞ –º–µ–Ω—è —É—Å–ª—ã—à–∞–ª–∏ –∏ –≥–æ–≤–æ—Ä—è—Ç –∏ –ø—Ä–∞–≤–¥–∞ –Ω–µ –ø–æ–¥–µ–π—Å—Ç–≤–æ–≤–∞–ª–∞...–º–æ–≥—É –º–Ω–æ–≥–æ –ø–∏—Å–∞—Ç—å"
44130,17863055221526988,"@khabirovradii –¥–æ—Ä–æ–≥–∞ –±—ã–ª–∞ –æ—Ç—Å—ã–ø–∞–Ω–∞ —â–µ–±–Ω–µ–º, –Ω–æ —ç—Ç–æ —Ç–æ–ª—å–∫–æ —É—Ö—É–¥—à–∏–ª–æ —Å–∏—Ç—É–∞—Ü–∏—é (—Ç–∞–∫ –∫–∞–∫ –ª–µ—Å–æ–≤–æ–∑—ã —Ä–∞–∑–±–∏–≤–∞—é—Ç –¥–æ—Ä–æ–≥—É –∏ –æ–¥–∏–Ω–æ—á–Ω—ã–µ –∫–∞–º–Ω–∏ –ø–æ–ø–∞–¥–∞—é—Ç –ø–æ–¥ –∫–æ–ª—ë—Å–∞), –ª–∏—á–Ω–æ —è —Ç–∞–º —Ç–æ–ª—å–∫–æ –ø–æ—Ç–µ—Ä—è–ª –¥–≤–∞ –∫–æ–ª–µ—Å–∞, –∞ –æ–Ω–∏ –Ω—ã–Ω—á–µ –Ω–µ –¥–µ—à–µ–≤—ã–µ, —è —É–∂–µ –Ω–µ –≥–æ–≤–æ—Ä—é –ø—Ä–æ –æ–±–ª–µ–∑–∞—é—â–∏–µ –ø–æ—Ä–æ–≥–∏ü§¶üèª‚Äç‚ôÇÔ∏è"
19014,17953085068033424,"–î–ª—è –º–µ–Ω—è –º–∞–Ω–∏–∫—é—Ä —ç—Ç–æ –Ω–µ –ª–∞–∫, –∞ –ø—Ä–µ–∂–¥–µ –≤—Å–µ–≥–æ –∑–¥–æ—Ä–æ–≤—ã–µ —É—Ö–æ–∂–µ–Ω—ã–µ —Ä—É–∫–∏ –∏ –Ω–æ–≥—Ç–∏. –ü—Ä–µ–¥–ø–æ—á–∏—Ç–∞—é –∞–ø–ø–∞—Ä–∞—Ç–Ω—ã–π –º–∞–Ω–∏–∫—é—Ä. –ò–¥–µ–∞–ª - –ª—é–∫—Å–∏–æ –¥–µ–ª–∏–∫–µ–π—Ç, –æ–Ω –±–æ–∂–µ—Å—Ç–≤–µ–Ω–Ω—ã–π. –ê –≤—Ü–µ–ª–æ–º –ª—é–±–ª—é –æ–¥–Ω–æ—Ç–æ–Ω–Ω—ã–µ. –ö—Ä–∞—Å–Ω—ã–π - –∫–ª–∞—Å—Å–∏–∫–∞ –Ω–∞ –≤—Å–µ –≤—Ä–µ–º–µ–Ω–∞ –∏ —Å–ª—É—á–∞–∏. –£ –í–∞—Å, –ï–ª–µ–Ω–∞, –æ—á–µ–Ω—å –∫—Ä–∞—Å–∏–≤—ã–π –º–∞–Ω–∏–∫—é—Ä. –Ø –±—ã —Ç–æ–∂–µ —Ç–∞–∫–æ–π –≤—ã–±—Ä–∞–ª–∞üíñ"
12573,17884061323175062,"–ï—Å–ª–∏ —á—É–≤—Å—Ç–≤ –Ω–µ—Ç, —Ç–æ –Ω–∏—á–µ–≥–æ –Ω–µ –ø–æ–¥–µ–ª–∞–µ—à—å. –Ø —Å –±—ã–≤—à–∏–º –º—É–∂–µ–º –ø—ã—Ç–∞–ª–∞—Å—å 3 –º–µ—Å—è—Ü–∞ —Ä–∞–∑–≤–µ—Å—Ç–∏—Å—å, 5 –ª–µ—Ç –≤–º–µ—Å—Ç–µ –∏ –ø–æ—Å–ª–µ–¥–Ω–∏–µ –ø–æ–ª –≥–æ–¥–∞ –≤—ã–∂–∏–º–∞–ª–∞ –∏–∑ –Ω–µ–≥–æ —Ö–æ—Ä–æ—à–µ–µ –æ—Ç–Ω–æ—à–µ–Ω–∏–µ –∫ —Å–µ–±–µ, –∞ –∫–æ–≥–¥–∞ —Å—Ç–∞–ª–æ –æ—Ç–≤—Ä–∞—Ç–∏—Ç–µ–ª—å–Ω–æ –Ω–∞—Ö–æ–¥–∏—Ç—å—Å—è —Ä—è–¥–æ–º, –æ–Ω –≤—Å–ø–æ–º–Ω–∏–ª —á—Ç–æ –ª—é–±–∏—Ç... –¢–æ–≥–¥–∞ –∏ –≥–ª–∞–∑–∞ –æ—Ç–∫—Ä—ã–ª–∏—Å—å —Å –∫–µ–º –∂–∏–≤—É.."
26922,17976040018063688,"–ó–∞–∫–æ–Ω—á–∏–ª–∞ –º—É–∂ —à–∫–æ–ª—É ,–¥—É–º–∞–ª–∞ –∏–¥—Ç–∏ –≤ –∫–æ–Ω—Å–µ—Ä–≤–∞—Ç–æ—Ä–∏—é - —Ä–æ–¥–∏—Ç–µ–ª–∏ –æ—Ç—Å–æ–≤–µ—Ç–æ–≤–∞–ª–∏ ,–ø–æ—Å–ª–µ 11 –∫–ª —Ö–æ—Ç–µ–ª–∞ –ø–æ—Å—Ç—É–ø–∞—Ç—å –Ω–∞ –∏–Ω.—è–∑.–Ω–∞—á–∞–ª–∞ –≥–æ—Ç–æ–≤–∏—Ç—Å—è ,—Ä–æ–¥–∏—Ç–µ–ª–∏  —Å–∫–∞–∑–∞–ª–∏ –∫–µ–º –ø–æ—Ç–æ–º –±—É–¥–µ—à—å ,—É—á–∏—Ç–µ–ª–µ–º ? . –°–∫–∞–∑–∞–ª–∏ –¥–∞–≤–∞–π –≤ –∂/–¥ —É–Ω–∏–≤–µ—Ä ,—Ç–∞–º –ø–æ—Ç–æ–º –∏ —Ä–∞–±–æ—Ç–∞ —Ö–æ—Ä–æ—à–∞—è –±—É–¥–µ—Ç ... –∫–æ–µ-–∫–∞–∫ –∑–∞–∫–æ–Ω—á–∏–ª–∞ –∏–±–æ —è –Ω–µ —Ç–µ—Ö–Ω–∞—Ä—å ,–æ—á–µ–Ω—å –±—ã–ª–æ —Ç—è–∂–∫–æ ... –≤ –∏—Ç–æ–≥–µ –≤—Å—é –∂–∏–∑–Ω—å —Ä–∞–±–æ—Ç–∞—é –º–µ–Ω–µ–¥–∂–µ—Ä–æ–º –ø–æ –ø—Ä–æ–¥–∞–∂–∞–º üòÇüòÇüòÇ"
8210,17881424455112712,"@akusherka_dzamilya –∏ –≤–æ—Ç —ç—Ç–æ ""—Å–∞–º–∞"", ""–Ω–µ —Å–∞–º–∞"" –ø—Ä–∏—á–∏–Ω–∞ –ø–µ—Ä–µ–∂–∏–≤–∞–Ω–∏–π –æ—á–µ–Ω—å –º–Ω–æ–≥–∏—Ö –∂–µ–Ω—â–∏–Ω. –í —ç—Ç–æ–º –∫—Ä–æ—é—Ç—Å—è –æ—Å–æ–±–µ–Ω–Ω–æ—Å—Ç–∏ –∏—Ö –ø–æ—Å–ª–µ–¥—É—é—â–µ–≥–æ –≤–∑–∞–∏–º–æ–¥–µ–π—Å—Ç–≤–∏—è —Å —Ä–µ–±–µ–Ω–∫–æ–º –∏ —Å—Ç–∞–Ω–æ–≤–ª–µ–Ω–∏—è –∏—Ö –º–∞—Ç–µ—Ä–∏–Ω—Å—Ç–≤–∞. –ò –∂–µ–Ω—â–∏–Ω–∞–º –æ—á–µ–Ω—å –Ω—É–∂–Ω–∞ –∏ –≤–∞–∂–Ω–∞ —Ç—É—Ç –ø–æ–¥–¥–µ–∂–∫–∞, –∞ –í–∞—à –ø–æ—Å—Ç –ø—Ä–æ–≤–æ–∫–∞—Ü–∏–æ–Ω–Ω—ã–π, —Ç–æ—á–Ω–µ–µ –µ–≥–æ ""—Ç–æ–Ω"". –ö—Ç–æ-—Ç–æ –ø—Ä–æ–π–¥–µ—Ç –º–∏–º–æ, –∞ –∫—Ç–æ-—Ç–æ ""–≤—ã—è—Å–Ω–∏—Ç"" —á—Ç–æ —Å —Ç–æ—á–∫–∏ –∑—Ä–µ–Ω–∏—è –∞–∫—É—à–µ—Ä—Å—Ç–≤–∞ –∏—Ö –æ–∫–∞–∑—ã–≤–∞–µ—Ç—Å—è ""—Ä–æ–¥–∏–ª–∏"", –∏ –æ–Ω–∏ –≤–æ—Ç —Å–µ–±–µ —Ç–∏–ø–∞ –ª—É–∫–∞–≤–∏–ª–∏... –æ—Ç—Å—é–¥–∞ —á—Ç–æ? ""–Ø –Ω–µ —Å–º–æ–≥–ª–∞"" (—Ö–æ—Ç—è –ø–æ–≤—Ç–æ—Ä—é—Å—å,–ø—Ä–æ–∫–æ–ª —Ç–∞–∫–æ–π –º–æ–º–µ–Ω—Ç, –∫–æ—Ç–æ—Ä—ã–π –ø—Ä–∞–∫—Ç–∏—á–µ—Å–∫–∏ –Ω–µ–≤–æ–∑–º–æ–∂–Ω–æ –ø—Ä–µ–¥–æ—Ç–≤—Ä–∞—Ç–∏—Ç—å, —Ç–∞–∫ –∫–∞–∫ –Ω–µ —Å–ø—Ä–∞—à–∏–≤–∞—é—Ç). –ù–æ –≤–æ—Ç —ç—Ç–æ ""—è –Ω–µ —Å–º–æ–≥–ª–∞"" –¥–ª—è –º–Ω–æ–≥–∏—Ö —Å–≤–µ–∂–µ—Ä–æ–¥–∏–≤—à–∏—Ö (—Å–æ —Å–∫–∞—á—É—â–∏–º –≥–æ—Ä–º–æ–Ω–∞–ª—å–Ω—ã–º —Ñ–æ–Ω–æ–º) –∏ –Ω–µ—É–≤–µ—Ä–µ–Ω–Ω—ã—Ö –ø–æ–∫–∞ –µ—â–µ –º–∞—Ç–µ—Ä—è—Ö (—Å –∫—É—á–µ–π —Ç—Ä–µ–≤–æ–≥ –∏ –≤–æ–ø—Ä–æ—Å–æ–≤) –º–æ–∂–µ—Ç —Å—Ç–∞—Ç—å –¥–ª—è –Ω–∏—Ö –¥–æ–ø–æ–ª–Ω–∏—Ç–µ–ª—å–Ω—ã–º —Å—Ç—Ä–µ—Å—Å–æ–≤—ã–º —Ñ–∞–∫—Ç–æ—Ä–æ–º –ª–∏—à–∞—é—â–∏–º —Å–∏–ª –∏ —É–≤–µ—Ä–µ–Ω–Ω–æ—Å—Ç–∏."
54662,17902680139398332,"–ó–¥—Ä–∞–≤—Å—Ç–≤—É–π—Ç–µ! –ú–æ–µ–º—É —Å—ã–Ω—É 11. –ù–µ—Ç –Ω–∏–∫–∞–∫–∏—Ö —Å–æ—Ü—Å–µ—Ç–µ–π, —Ç–æ–ª—å–∫–æ –≤–∞—Ç—Å–∞–ø. –ò –¥–∞, —è –Ω–∞—á–∞–ª–∞ –æ–¥–Ω–∏–º –≥–ª–∞–∑–æ–º –ø—Ä–æ–≤–µ—Ä—è—Ç—å –µ–≥–æ –≤–∞—Ç—Å–∞–ø. –Ø —Ç–æ–∂–µ —Å—Ç–æ—Ä–æ–Ω–Ω–∏—Ü–∞ –ª–∏—á–Ω–æ–≥–æ –ø—Ä–æ—Å—Ç—Ä–∞–Ω—Å—Ç–≤–∞ –∏ —Ç.–¥. –∏ —Ç.–ø., –Ω–æ —Å—ã–Ω —É –º–µ–Ω—è –æ–¥–∏–Ω, —Ç–∞–∫–∂–µ –∏ –¥–æ—á–∞, –∏ –ª—É—á—à–µ —è —Å–µ–π—á–∞—Å (—Å –µ–≥–æ —Å–æ–≥–ª–∞—Å–∏—è) –±—É–¥—É –º–æ–Ω–∏—Ç–æ—Ä–∏—Ç—å –µ–≥–æ –æ–±—â–µ–Ω–∏–µ –∏ —Å–≤—è–∑–∏, —á–µ–º –æ–Ω –ø–æ–ø–∞–¥—ë—Ç –≤ –ø–ª–æ—Ö—É—é –∫–æ–º–ø–∞–Ω–∏—é –∏–ª–∏ –ø–æ–¥ —á—å—ë-–ª–∏–±–æ –¥—É—Ä–Ω–æ–µ –≤–ª–∏—è–Ω–∏–µ. –ó–Ω–∞—é –ø—Ä–æ—Å—Ç–æ —Ö–∞—Ä–∞–∫—Ç–µ—Ä —Å–≤–æ–µ–≥–æ —Å—ã–Ω–∞. –û–Ω –º–Ω–µ —Ä–∞–∑—Ä–µ—à–∏–ª, —è –ø—Ä–æ—Å–º–æ—Ç—Ä–µ–ª–∞ –µ–≥–æ —á–∞—Ç—ã –≤ –≤–∞—Ç—Å–∞–ø–µ. –ù–µ –≥–æ–≤–æ—Ä—é, —á—Ç–æ –±—É–¥—É –¥–µ–ª–∞—Ç—å —ç—Ç–æ –ø–æ—Å—Ç–æ—è–Ω–Ω–æ. –ù–æ –ø–µ—Ä–∏–æ–¥–∏—á–µ—Å–∫–∏ –±—É–¥—É. –°—á–∏—Ç–∞—é, —á—Ç–æ –≤ –∏–Ω—Å—Ç–µ –¥–µ—Ç—è–º –¥–µ–ª–∞—Ç—å –Ω–µ—á–µ–≥–æ. –ù–æ —ç—Ç–æ –º–æ—ë –º–Ω–µ–Ω–∏–µ."
36229,17900677339274688,–ë–æ–∂–µ! –†–∞–Ω—å—à–µ –≤ —Å–æ–≤–µ—Ç—Å–∫–∏–µ –≤—Ä–µ–º–µ–Ω–∞ –º–æ–∂–Ω–æ –±—ã–ª–æ –ø–æ–π—Ç–∏ –≤ –º–∞–≥–∞–∑–∏–Ω –∫—É–ø–∏—Ç—å —Å–µ–±–µ –ª—é–±—É—é –∫–Ω–∏–≥—É –∏–ª–∏ –≤–∑—è—Ç—å –≤ –±–∏–±–ª–∏–æ—Ç–µ–∫–µ. –ó–∞ —á–∏—Ç—ã–≤–∞–ª—Å—è.  –ê —Å–µ–π—á–∞—Å —á—Ç–æ–±—ã –µ—ë –∏–º–µ—Ç—å –Ω—É–∂–Ω–æ –∏–¥—Ç–∏ –≤ –Ω–æ–≥—É —Å –∏–Ω—Ç–µ—Ä–Ω–µ—Ç–æ–º.  –î–∞ !  –ê —Ç–µ–ø–µ—Ä—å –Ω–µ —Ö–æ—á—É —Å—Ç–∞—Ä—É—é –∂–∏–Ω—É —Ö–æ—á—É –Ω–æ–≤—É—é  –µ—Å—Ç—å –∫–Ω–∏–≥–∞. –•–æ—á—É —Ä–∞–∑–±–æ–≥–∞—Ç–µ—Ç—å –µ—Å—Ç—å –∫–Ω–∏–≥–∞.—Ö–æ—á—É –¥–µ—Ç–µ–π –µ—Å—Ç—å —ç–∫–æ. –ù–∞–º —É–∂–µ –ë–æ–≥ —Å—ã–Ω–æ–≤ –ø–æ—Å—ã–ª–∞–µ—Ç –Ω–∞–ø–∏—à–∏ —Ç—ã –∏–º –∫–Ω–∏–≥–∏.. –∞ —Ç–æ –Ω–∫–∫–æ–≥–¥–∞ –∏–º —Ç–æ –∫ –º–∞—à–∏–Ω–µ –±–µ–≥—É—Ç —Ç–æ –∫ —Å—Ç–∞–Ω–∫—É/ –∫–æ–º–ø—É/ —Ç–æ —Ç–∞–Ω—Ü—ã –∏ —Ç .–¥.–∞ –∫—Ç–æ –Ω–∏–±—É–¥—å –ø–æ–¥—É–º–∞–ª –æ –ó–µ–º–ª–µ –ø–æ –∫–æ—Ç–æ—Ä–æ–π –∏–¥–µ—Ç .—è –∂–µ–ª–∞—é –≤—Å–µ–º —Å—á–∞—Å—Ç—å—è –±–ª–∞–≥–æ–ø–æ–ª—É—á–∏—è.–∏ –ó–¥—Ä–∞–≤–∏—è –ø–æ–º—ã—Å–ª–∞–º –≤–∞—à–∏–º .
10075,17897774137069896,"@cupofherbaltea –¥–æ–±—Ä—ã–π –¥–µ–Ω—å! –ú—ã —Å –º—É–∂–µ–º –ø—Ä–∏–µ–∑–∂–∞–µ–º –≤ —ç—Ç—É —Å—É–±–±–æ—Ç—É –≤ –ß–µ—Ä–Ω–æ–≥–æ—Ä–∏—é, –±—É–¥–µ–º –∂–∏—Ç—å –≤ –ö–æ—Ç–æ—Ä–µ –∏ –Ω–∞ –Ω–µ—Å–∫–æ–ª—å–∫–æ –¥–Ω–µ–π –µ–¥–µ–º –≤ –ñ–∞–±–ª—è–∫. –ß–µ—Å—Ç–Ω–æ –≥–æ–≤–æ—Ä—è, –Ω–µ –º–æ–≥—É –ø–æ–Ω—è—Ç—å, –∫–∞–∫—É—é –æ–¥–µ–∂–¥—É —Å —Å–æ–±–æ–π –±—Ä–∞—Ç—å. –ù–µ –ø–æ–¥—Å–∫–∞–∂–µ—Ç–µ, –∫–∞–∫–∞—è –ø—Ä–∏–º–µ—Ä–Ω–æ –ø–æ–≥–æ–¥–∞ —Å–µ–π—á–∞—Å? –í —à–æ—Ä—Ç–∞—Ö —É–∂–µ –Ω–µ –ø–æ—Ö–æ–¥–∏—à—å –Ω–∞–≤–µ—Ä–Ω–æ?"
13803,17902058554121284,"@mila_afanaseva –∫–∞–∫- —Ç–æ –Ω–∞—à–ª–∞ –≤ –∑–∞–ª–µ –ø–∞—É–∫–∞,—Ç–∞–∫–æ–≥–æ —Å—Ä–µ–¥–Ω–∏—Ö —Ä–∞–∑–º–µ—Ä–æ–≤...—Ä–µ—à–∏–ª–∞ –æ—Ç–ø—É—Å—Ç–∏—Ç—å –Ω–∞ —É–ª–∏—Ü—É —á–µ—Ä–µ–∑ —Ñ–æ—Ä—Ç–æ—á–∫—É.–Ω—É,–∏–¥—É –∫ –æ–∫–Ω—É.—Ä–µ—à–∏–ª–∞ –ø–æ–∫–∞–∑–∞—Ç—å —Ä–µ–±—è—Ç–∞–º –ø–æ –¥–æ—Ä–æ–≥–µ.–∫–∞—Ä—Ç–∏–Ω–∞:–¥–≤–∞ —à—Ä—ç–∫–∞ –Ω–µ—Å—É—Ç—Å—è —Å –æ—Ä–æ–º:–¢—ã —á—ë,***,****?!?!–≤ –ø—Ä–æ—Ç–∏–≤–æ–ø–æ–ª–æ–∂–Ω—É—é –æ—Ç –º–µ–Ω—è —Å—Ç–æ—Ä–æ–Ω—É üòÅ.–¥–æ–ª–≥–æ –ø–æ—Ç–æ–º –º–µ–Ω—è –∏–≥–Ω–æ—Ä–∏–ª–∏üòä"
47334,17859593818582816,"–î–∞ –ª—é–±–∞—è –º–∞–º–∞ —Ö–æ—á–µ—Ç –ª—É—á—à–µ–≥–æ –¥–ª—è —Å–≤–æ–µ–≥–æ —Ä–µ–±–µ–Ω–∫–∞ –∏ –∏–Ω–æ–≥–¥–∞ –æ–Ω–∞ –æ—à–∏–±–∞–µ—Ç—Å—è, —á—Ç–æ —Ç–∞–º –≥–¥–µ-—Ç–æ –ª—É—á—à–µ–µ –Ω–µ –≤–∏–¥—è –ø–µ—Ä–µ–¥ —Å–æ–±–æ–π —Å–∞–º–æ–µ –ª—É—á—à–µ–µ. –°–∞–º–∞ —É—Ö–æ–¥–∏–ª–∞ –æ—Ç –ø–µ–¥–∞–≥–æ–≥–æ–≤, –Ω–æ –ª–∏—à—å –ø–æ —Ç–æ–π –ø—Ä–∏—á–∏–Ω–µ, —á—Ç–æ –¥–µ–π—Å—Ç–≤–∏—Ç–µ–ª—å–Ω–æ –Ω–µ –≤–∏–¥–µ–ª–∞ —Ä–∞–∑–≤–∏—Ç–∏–µ –∏ –Ω–µ –∂–∞–ª–µ—é, —á—Ç–æ —É—à–ª–∞. –¢–∞–∫ –≤ –≥–æ–¥ –ø—Ä–æ–∑–∞–Ω–∏–º–∞–ª–∏—Å—å —Å –ø–µ–¥–∞–≥–æ–≥–æ–º –≤ 3 –≥–æ–¥–∞. –ì—Ä—É–ø–ø–∞ –±—ã–ª–∞ —Å–±–æ—Ä–Ω–∞—è 3-12–ª–µ—Ç. –í –∏—Ç–æ–≥–µ –¥–µ—Ç–∏ –≤—ã—Ö–æ–¥–∏–ª–∏ –Ω–∞ —Å—Ü–µ–Ω—É —Å —Å—ã—Ä—ã–º –º–∞—Ç–µ—Ä–∏–∞–ª–æ–º. –°–∏—Ç—É–∞—Ü–∏–∏ –±—ã–≤–∞—é—Ç —Ä–∞–∑–Ω—ã–µ. –û—Ç–ø—É—Å—Ç–∏—Ç–µ —Å –º–∏—Ä–æ–º. –ü—Ä–∏–¥–µ–º –º—ã, –Ω–æ–≤—ã–µ —É—á–µ–Ω–∏–∫–∏, –∫–æ—Ç–æ—Ä—ã–µ –∑–Ω–∞—é—Ç, —Å—Ç—Ä–µ–º—è—Ç—Å—è –∫ –≤–∞–º –ø–æ–ø–∞—Å—Ç—å –∏ –Ω–∞—á–∞—Ç—å —Å –≤–∞–º–∏ —Ä–∞–±–æ—Ç–∞—Ç—å. –¢.–∫ –í—ã –Ω–∞—Å—Ç–æ–ª—å–∫–æ —é–≤–µ–ª–∏—Ä–Ω–æ —ç—Ç–æ –¥–µ–ª–∞–µ—Ç–µ, —á—Ç–æ –¥—Ä—É–≥–∏—Ö –≤–∞—Ä–∏–∞–Ω—Ç–æ–≤ –ø—Ä–æ—Å—Ç–æ –±—ã—Ç—å –Ω–µ –º–æ–∂–µ—Ç. –Ø –¥—É–º–∞—é —ç—Ç–æ —Å–∫–∞–∂–µ—Ç –ª—é–±–æ–π —Ä–æ–¥–∏—Ç–µ–ª—å –∏ —É—á–µ–Ω–∏–∫, –∫–æ—Ç–æ—Ä—ã–π —Å –≤–∞–º–∏ —Ä–∞–±–æ—Ç–∞–ª. –ò–ª–∏ —Å–ª—ã—à–∞–ª –≤–∞—à–∏—Ö –¥–µ—Ç–µ–π. –û–¥–∏–Ω —Ö–æ—Ä —á–µ–≥–æ —Å—Ç–æ–∏—Ç. –°–ª—É—à–∞–µ—Ç–µ–≤ –∫–æ—Ä–∏–¥–æ—Ä–µ –∏ –º—É—Ä–∞—à–∫–∏ –±–µ–≥—É—Ç. –ê –ø–µ—Å–Ω—è –∫–∞–∑–∞–ª–æ—Å—å –±—ã –æ–±—ã—á–Ω–∞—è. ü§ó–ê —É —Ç–æ–π –º–∞–º—ã –º–æ–∂–µ—Ç –±—ã—Ç—å —Ñ–∏–Ω–∞–Ω—Å–æ–≤—ã–µ —Å–ª–æ–∂–Ω–æ—Å—Ç–∏, –Ω–æ –≥–æ—Ä–¥–æ—Å—Ç—å –Ω–µ –ø–æ–∑–≤–æ–ª—è–µ—Ç –≤ —ç—Ç–æ–º –ø—Ä–∏–∑–Ω–∞—Ç—å—Å—è. –í –∂–∏–∑–Ω–∏ –±—ã–≤–∞–µ—Ç –≤—Å–µ! –ù—É–∂–Ω–æ —É–º–µ—Ç—å –æ—Ç–ø—É—Å–∫–∞—Ç—å –∏ –ø—Ä–æ—â–∞—Ç—å."
21905,17882386714225252,"–ö—Å—Ç–∞—Ç–∏ —è –ø–æ –ë–∞—Ä–Ω–∞—É–ª—É –Ω–∞ —Ç–∞–∫—Å–∏ –µ–∑–¥–∏–ª–∞ –≤—Å–µ–≥–¥–∞ —Å –¥–æ—á–∫–æ–π, –ø–æ—Ç–æ–º—É —á—Ç–æ 100-150 —Ä –∏–∑ –æ–¥–Ω–æ–≥–æ –∫–æ–Ω—Ü–∞ –≤ –¥—Ä—É–≥–æ–π —ç—Ç–æ –≤–æ–æ–±—â–µ –∫–æ–ø–µ–π–∫–∏. –ë–∞–±—É—à–∫–∏ —É –ø–æ–¥—ä–µ–∑–¥–∞ –∑–Ω–∞—é—â–∏–µ –º–µ–Ω—è —Å –¥–µ—Ç—Å—Ç–≤–∞ –∏—Å–ø–µ–ø–µ–ª—è–ª–∏ –≤–∑–≥–ª—è–¥–æ–º üòÇ –∏ —Å–ø—Ä–∞—à–∏–≤–∞–ª–∏ —É –º–æ–µ–π –±–∞–±—É—à–∫–∏, –∑–∞ –∫–æ–≥–æ –∂ —è –∑–∞–º—É–∂ —Ç–∞–∫ —É–¥–∞—á–Ω–æ –≤—ã—à–ª–∞ üòÖü§¶‚Äç‚ôÄÔ∏è"
54272,18084881455140388,"–¢—É–ø—ã–µ –∑–∞–∫–æ–Ω—ã —É –Ω–∞—Å!!! –ê –µ—Å–ª–∏ –±—ã —Å–∞–º –ø–æ–≥–∏–± –∏–∑-–∑–∞ –ª–æ—Å—è? –û–Ω –∂–µ –Ω–µ —Å–ø–µ—Ü–∏–∞–ª—å–Ω–æ –µ–≥–æ —Å–±–∏–ª!!! –õ–æ—Å–∏ –≥—É–ª—è—é—Ç, –ª–µ–∑—É—Ç –ø–æ–¥ –∫–æ–ª—è—Å–∞ —Å–∞–º–∏, –ª—é–¥–∏ —Å—Ç—Ä–∞–¥–∞—é—Ç —Å–∫–æ–ª—å–∫–æ –æ—Ç –Ω–∏—Ö, –∞ –ø–æ—Ç–æ–º –µ—â—ë –∏ —à—Ç—Ä–∞—Ñ—ã –ø–ª–∞—Ç—è—Ç. –ù—É –∞ –≥–æ—Å—É–¥–∞—Ä—Å—Ç–≤—É –Ω–∞—à–µ–º—É –ª–∏—à—å –±—ã –¥–µ–Ω–µ–≥ —Å–æ—Ä–≤–∞—Ç—å. –ù–µ —Å –ª–æ—Å—è –∂–µ –±–∞–±–ª–æ —Ä–≤–∞—Ç—å, –∑–∞ –ø–µ—Ä–µ—Ö–æ–¥ –≤ –Ω–µ–ø–æ–ª–æ–∂–µ–Ω–Ω–æ–º –º–µ—Å—Ç–µ. ü§î"
38017,17939261596228956,"@olgzoti –î–∞–Ω–µ –ø–æ—Å–ª–µ –∑–∞–≤—Ç—Ä–∞ –±—É–¥–µ—Ç 6. –ü–æ–∫–∞ –Ω–µ—Ç –Ω–∏ —Ä–µ—á–∏, –Ω–∏ –ø–æ–Ω–∏–º–∞–Ω–∏—è –∫–∞–∫ —Å–æ–æ–±—Ä–∞–∂–∞–µ—Ç. –ü–æ—Å–º–æ—Ç—Ä–∏–º) –≤–µ—Ä—é –≤ –ª—É—á—à–µ–µ, —á–∏—Ç–∞–ª–∞ –≤ –∫–Ω–∏–≥–µ ¬´–ü–ª–∞—Å—Ç–∏—á–Ω–æ—Å—Ç—å –º–æ–∑–≥–∞¬ª: –æ–¥–∏–Ω –ø–∞—Ä–µ–Ω—å –≤ 24 –∑–∞–≥–æ–≤–æ—Ä–∏–ª! –í—Å—è–∫–æ–µ –±—ã–≤–∞–µ—Ç)) —Å–ª—ã—à–∞–ª–∞ –ø—Ä–æ –¥–µ–≤–æ—á–∫—É —á—Ç–æ –≤ 9 –∑–∞–≥–æ–≤–æ—Ä–∏–ª–∞, –≤–æ–æ–±—â–µ–º –≤–æ–∑—Ä–∞—Å—Ç –Ω–µ –ø–æ–∫–∞–∑–∞—Ç–µ–ª—å, –≥–ª–∞–≤–Ω–æ —á—Ç–æ–± —Ä–µ—á—å –ø–æ—è–≤–∏–ª–∞—Å—å)"
31594,17992290817033512,"@zhamiliabolotbekova –¥–Ω–µ–≤–Ω–∏–∫/ –∑–∞–ø–∏—Å–∫–∏/ –±–ª–æ–∫–Ω–æ—Ç, —è –≤–µ–ª–∞ –µ—â—ë —Å–æ —à–∫–æ–ª—ã. –õ—é–±–∞—è —Ç–µ—Ç—Ä–∞–¥–∫–∞ –ø–æ–¥–æ–π–¥—ë—Ç. –ö–æ–≥–¥–∞ –¥—É–º–∞–µ—à—å –º–æ–∏ –º—ã—Å–ª–∏, –∏–∑ —Å–ª–æ–∂–Ω–æ —Ä–∞—Å—Å–º–æ—Ç—Ä–µ—Ç—å. –ö–æ–≥–¥–∞ –Ω–∞–ø–∏—à–µ—à—å –Ω–∞ –ª–∏—Å—Ç–æ—á–∫–µ, –≤—Å–µ —Å—Ç—Ä–∞–∑—É —Å—Ç—Ä–æ–∏—Ç—Å—è –ø–µ—Ä–µ—Ç—è–Ω—É —Ç–≤–æ–∏–º–∏ –≥–ª–∞–∑–∞–º–∏. –ú–æ–∂–Ω–æ —É–≤–∏–¥–µ—Ç—å –ø–æ–ª–Ω—É—é –∫–∞—Ä—Ç–∏–Ω—É –∏ –ø–æ–º–æ—á—å —Å–∞–º–æ–π —Å–µ–±–µ –Ω–∞–ø–∏—Å–∞—Ç—å –∏—Å—Ç–æ—Ä–∏—é –∂–∏–∑–Ω–∏, –∫–æ—Ç–æ—Ä–∞—è —Ç–µ–±–µ –Ω—Ä–∞–≤–∏—Ç—Å—è"
38158,17955275950218048,"–ó–¥—Ä–∞–≤—Å—Ç–≤—É–π—Ç–µ. –ß–µ–º –≤—Ä–µ–¥–Ω—ã –∫—É–∫–ª—ã? –î–æ—á–∫–µ 3–≥–æ–¥–∞ 3–º–µ—Å—è—Ü–∞ –æ—á–µ–Ω—å –ª—é–±–∏—Ç –∫—É–∫–ª—ã: –ª—è–ª–µ—á–∫–∏, –¥–æ–º —Å —Å–µ–º—å—ë–π –∏ –º–Ω–æ–≥–æ –≤—Å—è–∫–∏—Ö –∫—É–∫–ª. –î–∞—é –¥–µ—Ä–µ–≤—è–Ω–Ω—ã–µ —Ä–∞–∑–≤–∏–≤–∞—é—â–∏–µ –∏–≥—Ä—É—à–∫–∏ –∏ –∫—Ä–∞—Å–∫–∏, —Ä–µ–¥–∫–æ –∫ –Ω–∏–º –ø—Ä–∏—Ç—Ä–∞–≥–∏–≤–∞–µ—Ç—Å—è. –õ—é–±–∏—Ç –ø—Ä–æ–∏–≥—Ä—ã–≤–∞—Ç—å —Å –∫—É–∫–ª–∞–º–∏ —Ç–µ–∞—Ç—Ä, –æ—Å–æ–±–µ–Ω–Ω–æ –ü—É—à–∫–∏–Ω—Å–∫–∏–µ —Å–∫–∞–∑–∫–∏. –ù–æ –º—ã –Ω–µ —Ö–æ–¥–∏–º –≤ —Å–∞–¥–∏–∫ –∏–∑-–∑–∞ –∑–¥–æ—Ä–æ–≤—å—è, –¥–µ—Ç–µ–π —Ä–µ–¥–∫–æ –≤–∏–¥–∏—Ç,–ª—é–±–∏—Ç —Ö–æ–¥–∏—Ç—å –≤ –≥–æ—Å—Ç–∏."
8968,17898054883051124,"–ê –µ—Å–ª–∏ –Ω–∞–æ–±–æ—Ä–æ—Ç –∏—Å–ø–æ–ª—å–∑–æ–≤–∞—Ç—å –ø–æ–¥–≥–æ—Ç–æ–≤–∫—É –∫ —à–∫–æ–ª–µ, —á—Ç–æ–±—ã —É–º–µ–Ω—å—à–∏—Ç—å —Å—Ç—Ä–µ—Å—Å –ø—Ä–∏ –ø—Ä–∏—Ö–æ–¥–µ –≤ —à–∫–æ–ª—É –Ω–∞ 1 —Å–µ–Ω—Ç—è–±—Ä—è. –†–µ–±–µ–Ω–æ–∫ –±—É–¥–µ—Ç –∑–Ω–∞—Ç—å —à–∫–æ–ª—É, –∑–Ω–∞—Ç—å –≥–¥–µ —á—Ç–æ –Ω–∞—Ö–æ–¥–∏—Ç—Å—è –∏ —É—á–∏—Ç–µ–ª–µ–π. –ò –æ—Ü–µ–Ω–∫–∏ –Ω–∞  –ø–æ–¥–≥–æ—Ç–æ–≤–∫–µ( –µ—Å–ª–∏ –æ–Ω–∏ —Ç–∞–º –µ—Å—Ç—å?!) –∫–æ—Ç–æ—Ä–∞—è –∫—Å—Ç–∞—Ç–∏ –≤—Å–µ–≥–æ –ª–∏—à—å 2 —Ä–∞–∑–∞ –≤ –Ω–µ–¥–µ–ª—é, –Ω–µ –ø—Ä–∏–Ω–∏–º–∞—Ç—å –≤—Å–µ—Ä—å—ë–∑. –Ø –æ–±—è–∑–∞—Ç–µ–ª—å–Ω–æ –æ—Ç–¥–∞–º –Ω–∞ –ø–æ–¥–≥–æ—Ç–æ–≤–∫—É –∏ –∏–º–µ–Ω–Ω–æ –≤ —Ç—É —à–∫–æ–ª—É, –≤ –∫–æ—Ç–æ—Ä—É—é –ø–æ–π–¥–µ–º. –ß—Ç–æ–±—ã 1 —Å–µ–Ω—Ç—è–±—Ä—è –Ω–µ —Ç–∞–∫ —Å—Ç—Ä–µ—Å—Å–æ–≤–∞—Ç—å."
46281,17858609788582160,"–£–∞ –∞–ª–µ–π–∫—É–º —Å–∞–ª—è–º —É–∞ —Ä–∞—Ö–º–∞—Ç—É–õ–ª–∞—Ö–∏ —É–∞ –±–∞—Ä–∞–∫–∞—Ç—É—Ö. –ú–µ–Ω—è –∑–æ–≤—É—Ç –Æ–ª–∏—è,–∏ –≤ –ø–æ—Å–ª–µ–¥–Ω—é—é –Ω–µ–¥–µ–ª—é –ø–æ—Å–ª–µ –º—Ä—Ç –ø–æ–∑–≤–æ–Ω–æ—á–Ω–∏–∫–∞ —è –∏—Å–∫–∞–ª–∞ —Å–µ–±–µ –æ—Å—Ç–µ–æ–ø–∞—Ç–∞-–∂–µ–Ω—â–∏–Ω—É,–Ω–æ —É –Ω–∞—Å –≤ –ë–∞—à–∫–∏—Ä–∏–∏ —è –Ω–µ –∑–Ω–∞—é –∏ –Ω–µ —Å–ª—ã—à–∞–ª–∞ –æ –∫–∞–∫–∏—Ö —Ç–æ –∫–æ–Ω–∫—Ä–µ—Ç–Ω—ã—Ö –ª–∏—Ü–∞—Ö –≤–æ—Å—Ç–æ—Ä–∂–µ–Ω–Ω—ã—Ö –æ—Ç–∑—ã–≤–æ–≤,–∏ —Ç—É—Ç ,–°—É–±—Ö–∞–Ω–ê–ª–ª–∞—Ö,—É —Å–µ—Å—Ç—Ä—ã –•–∞–≤—ã —Å—Ç–æ—Ä–∏—Å!!! –ö–∞–∫ —Ä–∞–∑ —Å –º—É–∂–µ–º –ø–ª–∞–Ω–∏—Ä–æ–≤–∞–ª–∏ –ø–æ—Å–µ—Ç–∏—Ç—å –ö–∞–∑–∞–Ω—å,—Ç–∞–∫ —á—Ç–æ —Å–µ–π—á–∞—Å –æ–Ω —É–ª–∞–¥–∏—Ç —Å–≤–æ–∏ —Ä–∞–±–æ—á–∏–µ –º–æ–º–µ–Ω—Ç—ã –∏ –æ–±–≥–æ–≤–æ—Ä–∏–º –ø–æ–µ–∑–¥–∫—É –∏–Ω —à–∞–∞ –ê–ª–ª–∞—Ö! –û—á–µ–Ω—å —Ö–æ—á—É –∫ –í–∞–º –ø–æ–ø–∞—Å—Ç—å –∏ –¥–µ—Ç–µ–π –ø–æ–∫–∞–∑–∞—Ç—å –∏–Ω —à–∞–∞ –ê–ª–ª–∞—Ö!"
20042,17874627334229324,"–ü–æ–¥—Ç–≤–µ—Ä–∂–¥–∞—é - –≤—Å–µ –¢—Ä—É! üòÄ –ê –µ—â—ë –æ–Ω–∏ –≤–æ–¥—è—Ç —Ç—É–¥–∞ –ø–æ–ª—É–∑–¥–æ—Ä–æ–≤—ã—Ö –¥–µ—Ç–µ–π (–Ω–∞—Å–º–æ—Ä–∫ - –Ω–µ –±–æ–ª–µ–∑–Ω—å, —É—Ç–æ–Ω–∏ –≤ —Å–æ–ø–ª—è—Ö, –Ω–æ –ø—Ä–∏–¥–∏ –≤ —Å–∞–¥), –ø–ª–æ—Ö–æ —Å–ª–µ–¥—è—Ç –∑–∞ –¥–∏—Å—Ü–∏–ø–ª–∏–Ω–æ–π (–ø—É—Å—Ç—å —Ö–æ—Ç—å –≤ –ª—É–∂–µ –≤–∞–ª—è—é—Ç—Å—è, —Ç–æ–ª—å–∫–æ –±—ã –¥—Ä—É–≥ –¥—Ä—É–≥—É –Ω–µ –º–µ—à–∞–ª–∏)  –∏ –∫–∞–∂–¥—ã–π –≥–æ–¥ –º–µ–Ω—è—é—Ç –≤–æ—Å–ø–∏—Ç–∞—Ç–µ–ª–µ–π - —Ç–æ–ª—å–∫–æ –ø—Ä–∏–≤—ã–∫–Ω–µ—à—å,  –∞ —Ç–µ–±–µ —É–∂–µ –Ω–æ–≤—É—é –¥–∞—é—Ç üôà"
54629,17877809071488934,"–ó–¥—Ä–∞–≤—Å—Ç–≤—É–π—Ç–µ @timivanov !–æ–±—Ä–∞—Ç–∏—Ç–µ –ø–æ–∂–∞–ª—É–π—Å—Ç–∞ –≤–Ω–∏–º–∞–Ω–∏–µ –Ω–∞ –º–∞–ª–µ–Ω—å–∫–æ–≥–æ –î–∏–º—É @savedima2020üôèüèª–í –†–æ—Å—Å–∏–∏ –µ–º—É –ø–æ–º–æ—á—å –Ω–µ –º–æ–≥—É—Ç,–∞—Ç–ª–µ—Ç–∫–∏ —Å —Ç–∞–∫–∏–º –∫—Ä–∞–π–Ω–µ —Ä–µ–¥–∫–∏–º –≥–µ–Ω–µ—Ç–∏—á–µ—Å–∫–∏–º –∑–∞–±–æ–ª–µ–≤–∞–Ω–∏–µ–º –¥–æ–∂–∏–≤–∞—é—Ç –¥–æ 2 –ª–µ—Ç!–ê–º–µ—Ä–∏–∫–∞ —Å–æ–≥–ª–∞—Å–∏–ª–∞—Å—å –ø–æ–º–æ—á—å –î–∏–º–µ –∏ –≤—ã—Å—Ç–∞–≤–∏–ª–∞ —Å—á—ë—Ç –≤ —Ä–∞–∑–º–µ—Ä–µ 2,5 –º–ª–Ω$-163 –º–ª–Ω —Ä—É–±!—ç—Ç–æ –Ω–µ–º—ã—Å–ª–∏–º–∞—è —Å—É–º–º–∞!!!–ø–æ—ç—Ç–æ–º—É –ø—Ä–æ—Å–∏–º –≤—Å–µ—Ö –∏ –∫–∞–∂–¥–æ–≥–æ!–Ω–µ –ø—Ä–æ–π–¥–∏—Ç–µ –º–∏–º–æ !–≤–µ–¥—å –≤—Å–µ –¥–µ—Ç–∫–∏ –¥–æ–ª–∂–Ω—ã –ñ–ò–¢–¨!üôèüèªüÜò"
47242,17866202698523632,"–ü–ª–∞—Å—Ç–∏–∫, —Å—Ç–µ–∫–ª–æ, –±–∞—Ç–∞—Ä–µ–π–∫–∏.–Ø –ø–æ—á–µ–º—É-—Ç–æ –¥—É–º–∞–ª–∞, —á—Ç–æ —É –Ω–∞—Å –≤—Å–µ —á–∞—Å—Ç–Ω–∏–∫–∏ –∏–ª–∏ —Ö–æ—Ç—è –±—ã –∑–∞–≤–æ–¥—ã –≤—Å–µ –µ—â—ë —É–¥–µ–ª—è—é—Ç –≤–Ω–∏–º–∞–Ω–∏–µ —É—Ç–∏–ª–∏–∑–∞—Ü–∏–∏ –æ–ø–∞—Å–Ω—ã—Ö –æ—Ç—Ö–æ–¥–æ–≤. –û–∫–∞–∑–∞–ª–æ—Å—å –Ω–µ—Ç.. –ü–æ—ç—Ç–æ–º—É –∫–æ–≥–¥–∞ –≤ –≥–æ—Å—Ç–∏–Ω–∏—Ü–µ —Ä–∞–±–æ—Ç–∞–ª–∞, —Å–æ–±–∏—Ä–∞–ª–∞ –±–∞—Ç–∞—Ä–µ–π–∫–∏, –∞ –ø–æ—Ç–æ–º —Å–∞–º–∞ –∏—Ö –æ—Ç–≤–æ–∑–∏–ª–∞ –≤ –ø—É–Ω–∫—Ç –ø—Ä–∏–µ–º–∞. –ü—Ä–æ—Å—Ç–æ –Ω–µ –º–æ–≥–ª–∞ —Å–º–æ—Ç—Ä–µ—Ç—å –∫–∞–∫ –∏—Ö —Å–ø–æ–∫–æ–π–Ω–æ –≤—ã–±—Ä–∞—Å—ã–≤–∞—é—Ç. –û—á–µ–Ω—å —Ä–∞—Å—Å—Ç—Ä–∞–∏–≤–∞–µ—Ç, —á—Ç–æ –Ω–µ–∫–æ—Ç–æ—Ä—ã–µ –ø—É–Ω–∫—Ç—ã –ø—Ä–∏–µ–º–∞ –∑–∞–∫—Ä—ã–≤–∞—é—Ç—Å—è —á–µ—Ä–µ–∑ –≤—Ä–µ–º—è:("
23360,17864243704268428,"–ù–∞ –¥–Ω—è—Ö —É–¥–∞–ª—è–ª–∞ —Å–≤–æ–∏ –≤–æ—Å—å–º–µ—Ä–æ—á–∫–∏, –≤—Å–µ –±—ã–ª–∏ –Ω–µ –ø—Ä–æ—Ä–µ–∑–∞–≤—à–∏–º–∏—Å—è, –ø–æ—ç—Ç–æ–º—É —Ä–µ—à–∏–ª–∏ —Å–¥–µ–ª–∞—Ç—å  –Ω–µ –ø–æ–ª–Ω—ã–π –Ω–∞—Ä–∫–æ–∑, –∞ —Ç–æ–ª—å–∫–æ —Å–µ–¥–∞—Ü–∏—é( –º–µ–¥–∏–∫–∞–º–µ–Ω—Ç–æ–∑–Ω—ã–π —Å–æ–Ω). –û–ø–µ—Ä–∞—Ü–∏–∏ –Ω–µ –ø–æ–º–Ω—é, –∫–∞–∫ –∏ –æ—Å—Ç–∞—Ç–∫–∞ —Ç–æ–≥–æ –¥–Ω—èüòÄ —Å–µ–π—á–∞—Å —Ö–æ–∂—É —Å–æ —à–≤–∞–º–∏ –∏ –ø–∏—Ç–∞—é—Å—å —Ç–æ–ª—å–∫–æ –∂–∏–¥–∫–∏–º –∏–ª–∏ –≤ –≤–∏–¥–µ –ø—é—Ä–µ, –Ω–æ –Ω–∏—á–µ–≥–æ, –≤–µ–¥—å –∫—Ä–∞—Å–æ—Ç–∞ —Ç—Ä–µ–±—É–µ—Ç –∂–µ—Ä—Ç–≤üòâüòÉ"
60279,17848519189788914,"@polik_matveeva –Ω–æ –≤–µ–¥—å –æ–Ω–∏ –∑–Ω–∞—é—Ç, —á—Ç–æ –ø—Ä–∏–µ—Ö–∞–ª–∏ –≤ –æ—Ç–µ–ª—å, –≥–¥–µ –µ—Å—Ç—å –¥–µ—Ç–∏, –∞ –∑–Ω–∞—á–∏—Ç, –æ–Ω–∏ –º–æ–≥—É—Ç —à—É–º–µ—Ç—å. –î–∞–∂–µ —Å —É—Ç—Ä–∞) —á—Ç–æ —Å–∞–º–æ–µ –ø–ª–æ—Ö–æ–µ —Å–ª—É—á–∏—Ç—Å—è? –ù—É –ø—Ä–∏–π–¥—É—Ç –æ–Ω–∏ –∏ —Å–∫–∞–∂—É—Ç, –∞–π-–∞–π-–∞–π, –∏ —á—Ç–æ? –ú–∏—Ä —Ä—É—Ö–Ω–µ—Ç? –∏ —Å–Ω–æ–≤–∞ —É–ø–∏—Ä–∞–µ–º—Å—è, —á—Ç–æ –∏–Ω—Ç–µ—Ä–µ—Å—ã –¥—Ä—É–≥–∏—Ö –≤–∞–∂–Ω–µ–µ –∏–Ω—Ç–µ—Ä–µ—Å–æ–≤ —Ä–µ–±–µ–Ω–∫–∞."
56107,17849201854765896,"–ü–æ–ª–∏–Ω–∞, —Ö–æ—Ç–∏–º –ø—Ä–æ–¥–æ–ª–∂–µ–Ω–∏—è —Å–ø–µ–∫—Ç–∞–∫–ª—è!!! 1 –º–∏–Ω - —ç—Ç–æ –æ—á–µ–Ω—å –º–∞–ª–æ. –£–º–Ω–∏—Ü–∞, –ö—Ä–∏—Å—Ç–∏–Ω–∞, –≤—Å–µ —Å–∞–º–∞ –ø–æ–ª–Ω–æ—Å—Ç—å—é –ø—Ä–∏–¥—É–º–∞–ª–∞ –∏ —Ä–µ–∞–ª–∏–∑–æ–≤–∞–ª–∞! –°—ã–Ω –±—É–∫–≤–∞–ª—å–Ω–æ –Ω–µ–¥–∞–≤–Ω–æ –ø–æ —Å–≤–æ–µ–π –∏–Ω–∏—Ü–∏–∞—Ç–∏–≤–µ —Å—Ç–∞–ª –¥–µ–ª–∞—Ç—å –ø–µ—Ä–≤—ã–µ –ø–æ–ø—ã—Ç–∫–∏ —Ä–∞—Å—Å–∫–∞–∑—ã–≤–∞—Ç—å –∏—Å—Ç–æ—Ä–∏–∏, –Ω–∞—á–∏–Ω–∞—è –¥–æ–ª–∂–Ω—ã–º –æ–±—Ä–∞–∑–æ–º ;) ""Once upon a time..."". –ò —è —Ç–æ–∂–µ –±–µ–∑–º–µ—Ä–Ω–æ –±—ã–ª–∞ –¥–æ–≤–æ–ª—å–Ω–∞!"
59591,18046221208210496,"–î—ç–≤–∏–¥ –ò–≥–ª–º–µ–Ω ""–ò–Ω–∫–æ–≥–Ω–∏—Ç–æ. –¢–∞–π–Ω–∞—è –∂–∏–∑–Ω—å –º–æ–∑–≥–∞""  –û —Ç–æ–º, —á—Ç–æ  –±–∏–æ–ª–æ–≥–∏—è –º–æ–∑–≥–∞ –∏–Ω–æ–≥–¥–∞ —Å–∏–ª—å–Ω–µ–µ –≤–ª–∏—è–µ—Ç –Ω–∞ –ø—Å–∏—Ö–æ–ª–æ–≥–∏—é. –ì–æ—Ä–º–æ–Ω—ã, –≤–∏—Ä—É—Å—ã, –ø—Å–∏—Ö–æ—Ç—Ä–æ–ø–Ω—ã–µ –≤–µ—â–µ—Å—Ç–≤–∞ –∏–ª–∏ –±–æ–ª–µ–∑–Ω—å - –º–Ω–æ–≥–æ–µ –º–æ–∂–µ—Ç –≤–Ω–µ—Å—Ç–∏ —Å–≤–æ–π –≤–∫–ª–∞–¥ –≤ –Ω–∞—à–∏ —Ä–µ—à–µ–Ω–∏—è –∏ –ø–æ–≤–µ–¥–µ–Ω–∏–µ. –ü—Ä–æ —Ö–∏–º–∏—é –º–æ–∑–≥–∞ –∏ –Ω–∞—à–µ  –Ω–∞—Å—Ç–æ—è—â–µ–µ ""—è"" üòé."
12347,17852366878218294,"@brrrighty —É –º–µ–Ω—è —Å—Ç–∞—Ä—à–∏–π –≤ —ç—Ç–æ–º –≥–æ–¥—É —à–∫–æ–ª—É –∑–∞–∫–æ–Ω—á–∏–ª –∏ —è —Å–¥–µ–ª–∞–ª–∞ –∫–æ–µ-–∫–∞–∫–∏–µ –≤—ã–≤–æ–¥—ã, —á—Ç–æ —Ç–∞–º –≤–∞–∂–Ω–æ, –∞ —á—Ç–æ –Ω–µ –æ—Å–æ–±–æüòâ —Ä–∞–Ω—å—à–µ —Ç–æ–∂–µ –∏—Å—Ç–µ—Ä–∏–ª–∞-—É—Ä–æ–∫–∏üôà–æ—Ü–µ–Ω–∫–∏üôâ, —Ä—É–≥–∞–ª–∞ –¥–∞–∂–µ –∑–∞ 4. –ò —Ç–∞–∫ –º–µ–Ω—è —ç—Ç–æ –≤—Å—ë –∑–∞–µ...–ª–æ, –∏ —Ç–µ–ø–µ—Ä—å –≥–ª–∞–≤–Ω–æ–µ –¥–ª—è –º–µ–Ω—è-–º–æ–µ –∏ –¥–æ—á–∫–∏–Ω–æ –¥—É—à–µ–≤–Ω–æ–µ —Å–ø–æ–∫–æ–π—Å—Ç–≤–∏–µ –∏ –Ω–µ —É–±–∏—Ç—å –≤ –Ω–µ–π –∏–Ω—Ç–µ—Ä–µ—Å –∫ —É—á—ë–±–µ —Å–≤–æ–∏–º–∏ –∑–∞–≤—ã—à–µ–Ω–Ω—ã–º–∏ —Ç—Ä–µ–±–æ–≤–∞–Ω–∏—è–º–∏ –∏ —Å–≤–µ—Ä—Ö–æ–∂–∏–¥–∞–Ω–∏—è–º–∏üòÅ"
55591,18034459420229492,"–Ø –¥–µ—Ç–∏ 80—Ö. –°—Ç–∞—Ä–∞—é—Å—å —Ö–æ—Ç—è –±—ã —Ä–∞–∑ –≤ –ø—è—Ç–∏–ª–µ—Ç–∫—É —Ä–∞—Å–ø–µ—á–∞—Ç—ã–≤–∞—Ç—å —Ñ–æ—Ç–æ–≥—Ä–∞—Ñ–∏–∏)) –¢–æ–∂–µ –¥–µ–ª–∞—é –∞–ª—å–±–æ–º—ã. –í —ç—Ç–æ–º –≥–æ–¥—É –ø–æ–¥ —ë–ª–∫—É –ø–æ–ª–æ–∂—É –¥–≤–∞ —Å–µ–º–µ–π–Ω—ã—Ö —Ñ–æ—Ç–æ–∞–ª—å–±–æ–º–∞. –£–∂–µ –∑–∞–±—Ä–∞–ª–∞ –∏—Ö –∏–∑ –ø–µ—á–∞—Ç–∏ –∏ —Ä–µ—à–∏–ª–∞ –Ω–µ –ø–æ–∫–∞–∑—ã–≤–∞—Ç—å —Å–≤–æ–∏–º, –∞ –≤–º–µ—Å—Ç–µ –í –ù–æ–≤—ã–π –≥–æ–¥ –∏—Ö —Ä–∞—Å–ø–µ—á–∞—Ç–∞—Ç—å –∏ –ø–æ—Å–º–æ—Ç—Ä–µ—Ç—å))"
47934,17984771647305092,"@hbv_82 –Ω—É –∏ —á—Ç–æ —Ö–æ—á—É —Å–∫–∞–∑–∞—Ç—å - –ø–æ–ª –º–∏—Ä–∞ —Å–µ–±—è –∏–º–µ–Ω—É—é—Ç –•—Ä–∏—Å—Ç–∏–∞–Ω–∞–º–∏, –∞ —Ö–æ–¥—è—Ç –≤ —Ü–µ—Ä–∫–æ–≤—å –ª–∏—à—å –Ω–∞ –ü–∞—Å—Ö—É –∏–ª–∏ –ø–æ–∫—Ä–µ—Å—Ç–∏—Ç—å—Å—è, –∑–∞—Ç–æ —è—Ä–æ –±—å—é—Ç —Å–µ–±—è –≤ –≥—Ä—É–¥—å, —á—Ç–æ –æ–Ω–∏ —Ö—Ä–∏—Å—Ç–∏–∞–Ω–µ  –°–≤–µ—Ç—Å–∫–∏–π –ò—Å–ª–∞–º - –Ω–µ –Ω–∞—Å—Ç–æ–ª—å–∫–æ —É—Ç—Ä–∏—Ä–æ–≤–∞–Ω, –∫–æ–Ω–µ—á–Ω–æ, –≤—Å–µ –æ—Å–Ω–æ–≤–Ω—ã–µ –ø—Ä–∏–Ω—Ü–∏–ø—ã - —Å–æ—Ö—Ä–∞–Ω–µ–Ω—ã. –ù–æ –∏–º–µ–Ω–Ω–æ –ø—Ä–∏–Ω—É–∂–¥–µ–Ω–∏–µ, –≤ —Ç.—á. –∏ –≤ –Ω–æ—à–µ–Ω–∏–∏ —Ö–∏–¥–∂–∞–±–∞ - —ç—Ç–æ –Ω–µ –ø—Ä–æ –ò—Å–ª–∞–º, –∞ –ø—Ä–æ –ø—Ä–∏–≤–µ—Ä–∂–µ–Ω—Ü–µ–≤ –ò–ì. –ï—Å–ª–∏ –∂–µ–Ω—â–∏–Ω–∞ —Å–∞–º–∞ —Ä–µ—à–∏—Ç —Å–¥–µ–ª–∞—Ç—å –±–æ–≥–æ—É–≥–æ–¥–Ω–æ–µ –¥–µ–ª–æ –∏ –ø–æ–∫—Ä—ã—Ç—å—Å—è - —ç—Ç–æ –µ–µ –ø—Ä–∞–≤–æ –∏ –±–æ–ª—å—à–æ–π –ø–ª—é—Å –ø–µ—Ä–µ–¥ –í—Å–µ–≤—ã—à–Ω–∏–º. –ï—Å–ª–∏ –∂–µ –Ω–µ—Ç - —ç—Ç–æ –ï–ï –≥—Ä–µ—Ö, –∑–∞ –∫–æ—Ç–æ—Ä—ã –µ–µ –Ω–µ–ª—å–∑—è –æ—Å—É–∂–¥–∞—Ç—å, –æ–Ω–∞ —Å–∞–º–∞ –∑–∞ –Ω–µ–≥–æ –æ—Ç–≤–µ—Ç–∏—Ç."
46662,17844072652747856,"–¢–∞–∫, –ø–æ—á–∏—Ç–∞–ª–∞ –ø–æ—Å—Ç –∏ –∫–æ–º–µ–Ω—Ç—ã –∏ –∑–∞–ø—É—Ç–∞–ª–∞—Å—å. 1) –ø—Ä–∏ –æ—Ç–∫—Ä—ã—Ç–∏–∏ –∏–∏—Å –µ—Å—Ç—å –æ–≥—Ä–∞–Ω–∏—á–µ–Ω–∏—è, –Ω–∞ –∫–∞–∫—É—é —Å—É–º–º—É –±—É–¥–µ—Ç –≤–æ–∑–≤—Ä–∞—Ç 13%? –ü—Ä–æ —Å—Ç—Ä–∞—Ö–æ–≤–∞–Ω–∏–µ –∂–∏–∑–Ω–∏ –º–Ω–µ —Å–µ–≥–æ–¥–Ω—è —Ä–∞—Å—Å–∫–∞–∑—ã–≤–∞–ª–∏, —á—Ç–æ 120—Ç—ã—Å –º–∞–∫—Å–∏–º—É–º - —Å –ª—é–±–æ–π –±–æ–ª—å—à–µ–π —Å—É–º–º—ã –≤–æ–∑–≤—Ä–∞—â–∞–µ—Ç—Å—è 13% –æ—Ç 120–∫. 2) –µ—Å–ª–∏ –æ—Ç–∫—Ä—ã—Ç—å –∏–∏—Å –≤ –∫–æ–Ω—Ü–µ –≥–æ–¥–∞ –∏ –ø–æ–ª–æ–∂–∏—Ç—å —Ö —Ä—É–± —Ç–æ —Å–∫–æ–ª—å–∫–æ –¥–æ–ª–∂–Ω—ã —Ç–∞–º –±—ã—Ç—å —ç—Ç–∏ –¥–µ–Ω—å–≥–∏ –∏ –∫–æ–≥–¥–∞ –º–æ–∂–Ω–æ –ø–æ–ª—É—á–∏—Ç—å –æ–±—Ä–∞—Ç–Ω–æ —Ö —Ä—É–±? 3) –µ—Å–ª–∏ —Ä–∞–±–æ—Ç–∞–µ—Ç —Ç–æ–ª—å–∫–æ –º—É–∂, —Ç–æ –º–Ω–µ –Ω–µ –∏–º–µ–µ—Ç —Å–º—ã—Å–ª–∞ –æ—Ç–∫—Ä—ã–≤–∞—Ç—å –∏–∏—Å –ø–æ –ø—É–Ω–∫—Ç—É 2? 4) –µ—Å–ª–∏ –≤—ã–π—Ç–∏ –Ω–∞ —Ä–∞–±–æ—Ç—É –≤ –¥–µ–∫–∞–±—Ä–µ, —Ç–æ –≤–µ—Ä–Ω—ë—Ç—Å—è –º–∞–∫—Å–∏–º—É–º —Å—É–º–º–∞ –ù–î–§–õ –∑–∞ –¥–µ–∫–∞–±—Ä—å?"
27603,17917463659216544,"–ü–æ—Ç–µ—Ä—è–ª–∞—Å—å –≤ 11 —á–∞—Å–æ–≤ –≤–µ—á–µ—Ä–∞ –≤ –î—É–±–ª–∏–Ω—Å–∫–æ–º –ø—Ä–∏–≥–æ—Ä–æ–¥–µüòµ –ü—Ä–∏ —Ç–æ–º –º–µ–Ω—è –∂–¥–∞–ª–∞ —Å –∑–∞–Ω—è—Ç–∏–π –∏—Ä–ª–∞–Ω–¥—Å–∫–∞—è —Å–µ–º—å—è, –∫–æ—Ç–æ—Ä–∞—è —É–∂–µ –±—ã–ª–∞ –≥–æ—Ç–æ–≤–∞ –∑–≤–æ–Ω–∏—Ç—å  —É—á–∏—Ç–µ–ª—è–º –≤ –∫–æ–ª–ª–µ–¥–∂–µ –≠—Ç–æ –±—ã–ª–æ –≤ –ø–µ—Ä–≤—ã–π –¥–µ–Ω—å –ø—Ä–µ–±—ã–≤–∞–Ω–∏–µ –≤ –ò—Ä–ª–∞–Ω–¥–∏–∏ –∏ —è –ø–µ—Ä–µ–ø—É—Ç–∞–ª–∞ –æ—Å—Ç–∞–Ω–æ–≤–∫–∏, —Ç–µ–ª–µ—Ñ–æ–Ω —Ä–∞–∑—Ä—è–¥–∏–ª—Å—è, –∫–∞—Ä—Ç—É —è –ø–æ—Ç–µ—Ä—è–ª–∞ ü§¶üèª‚Äç‚ôÄÔ∏è –ü—Ä–æ—Å—Ç–æ —à–ª–∞ –ø–æ —Ç–µ–º–Ω—ã–º –ø–µ—Ä–µ—É–ª–∫–∞–º –∏ —Ä—ã–¥–∞–ª–∞(–ø—Ä–∏ —Ç–æ–º –µ—â—ë –ª—é–¥–µ–π –Ω–∞ —É–ª–∏—Ü–µ –Ω–µ –±—ã–ª–æ)  –°–ø—É—Å—Ç—è 1,5 —á–∞—Å–∞ —É–≤–∏–¥–µ–ª–∞ –Ω–∞ —É–ª–∏—Ü–µ —Å—Ç–∞—Ä—à—É—é —Å–µ—Å—Ç—Ä—É üòçüòçüòç–æ–Ω–∞ –≤–∏–¥–∏–º–æ —Ç–æ–∂–µ –≥—É–ª—è–ª–∞, –ø—ã—Ç–∞–ª–∞—Å—å –º–µ–Ω—è –Ω–∞–π—Ç–∏"
40610,17949316243224342,"@izuminka_tortzhestva –≤–æ—Ç —è —Ç–æ–∂–µ —Ç–æ–ª—å–∫–æ –ø—Ä–æ —ç—Ç—É –ø—Ä—É–∂–∏–Ω–∫—É –ø–æ–¥—É–º–∞–ª–∞ ü§∑üèª‚Äç‚ôÄÔ∏è –Ω–æ! –§–∏–∫—Å–∞—Ç–æ—Ä –≤–µ–Ω—á–∏–∫–∞ (—à—Ç—ã—Ä—ë–∫ —ç—Ç–æ—Ç) –Ω–µ –¥–∞—Å—Ç –µ–µ –æ—Å–ª–∞–±–∏—Ç—å –≤–µ–¥—å üòÖ –æ–Ω –∂–µ –∏ –¥–µ—Ä–∂–∏—Ç –≤–µ–Ω—á–∏–∫ –≤ –æ–¥–Ω–æ–º –ø–æ–ª–æ–∂–µ–Ω–∏–∏ ü§î –Ω–∏ –≤—ã—à–µ, –Ω–∏ –Ω–∏–∂–µ ü§î –≤–æ—Ç –∏ —Å—Ç–∞–ª–æ –∏–Ω—Ç–µ—Ä–µ—Å–Ω–æ, –º–æ–∂–µ—Ç —É –í–∞—Å –µ—â—ë –∫–∞–∫–∞—è –ø—Ä—É–∂–∏–Ω–∫–∞ –µ—Å—Ç—å üòÖ"
12036,17910975364028160,"–°–µ–≥–æ–¥–Ω—è –ø–µ—Ä–≤—ã–π —Ä–∞–∑ —è –ø–æ–±—ã–≤–∞–ª–∞ –Ω–∞ –º–µ—Ä–æ–ø—Ä–∏—è—Ç–∏–∏ –£—Å–∞–±—Ä—å! –≠—Ç–æ –±–ª–∞–≥–æ—Ç–≤–æ—Ä–∏—Ç–µ–ª—å–Ω–∞—è –∞–∫—Ü–∏—è —É–∂–µ –Ω–µ—Å–∫–æ–ª—å–∫–æ –ª–µ—Ç –∏–¥—ë—Ç –≤ –ø–∏—Ç–µ—Ä–µ) –º—É–∂—á–∏–Ω—ã –æ—Ç–∫—Ä—ã–≤–∞—é—Ç —Å–µ–∑–æ–Ω –Ω–µ–±—Ä–∏—Ç—å—è –∏ –≤ —Ç–µ—á–µ–Ω–∏–µ –º–µ—Å—è—Ü–∞ —Å–æ–±–∏—Ä–∞—é—Ç –¥–µ–Ω—å–≥–∏ –¥–ª—è –û—Ä–≥–∞–Ω–∏–∑–∞—Ü–∏–∏ –ë–∞–±–æ—á–∫–∞, –∫–æ—Ç–æ—Ä–∞—è –ø–æ–¥–¥–µ—Ä–∂–∏–≤–∞–µ—Ç –¥–µ—Ç–µ–π –∏–Ω–≤–∞–ª–∏–¥–æ–≤. –≠—Ç–æ –ø—Ä–æ–∏—Å—Ö–æ–¥–∏—Ç –≤–µ—Å–µ–ª–æ, –≤ —Ñ–æ—Ä–º–∞—Ç–µ —Ç–≤–æ—Ä—á–µ—Å–∫–æ–π –∞–∫—Ü–∏–∏, —Å —Å–æ—Ä–µ–≤–Ω–æ–≤–∞—Ç–µ–ª—å–Ω—ã–º –¥—É—Ö–æ–º –∏ —Å–µ–≥–æ–¥–Ω—è –ø–æ –∏—Ç–æ–≥—É –º—É–∂—á–∏–Ω—ã —Ç–æ—Ä–∂–µ—Å—Ç–≤–µ–Ω–Ω–æ —Å–±—Ä–∏–ª–∏ —É—Å—ã –∏ –¥–µ—Ç–∏ –ø–æ–ª—É—á–∏–ª–∏ –±–æ–ª—å—à—É—é —Ñ–∏–Ω–∞–Ω—Å–æ–≤—É—é –ø–æ–¥–¥–µ—Ä–∂–∫—É! –°–ø–∞—Å–∏–±–æ –∑–∞ —ç—Ç–æ –ï–≤–≥–µ–Ω–∏—é –®—É–ª—å–≥–∏–Ω—É!"
13227,17900891578082368,"–¢–∞–∫ –ì–µ–Ω—Ä–∏ –ú–∏–ª–ª–µ—Ä –ø–∏—Å–∞–ª –æ –ì—Ä–µ—Ü–∏–∏ üíôüèõ ¬´–ú–∏–ª–ª–µ—Ä, —Ç–µ–±–µ –ø–æ–Ω—Ä–∞–≤–∏—Ç—Å—è –ì—Ä–µ—Ü–∏—è, —è –≤ —ç—Ç–æ–º —É–±–µ–∂–¥–µ–Ω¬ª... –û–Ω–∞ —Ç–µ–±–µ –ø–æ–Ω—Ä–∞–≤–∏—Ç—Å—è ... ¬´–ì–æ—Å–ø–æ–¥–∏, –æ–Ω–∞ –º–Ω–µ –Ω—Ä–∞–≤–∏—Ç—Å—è!¬ª –ù–∏–∫–æ–≥–¥–∞ –ø—Ä–µ–∂–¥–µ –Ω–µ –≤–∏–¥–µ–ª —è —Ç–∞–∫–æ–≥–æ –Ω–µ–±–∞. –¢–∞–∫–æ–≥–æ –∏–∑—É–º–∏—Ç–µ–ª—å–Ω–æ–≥–æ –Ω–µ–±–∞. –Ø —á—É–≤—Å—Ç–≤–æ–≤–∞–ª —Å–µ–±—è —Å–æ–≤–µ—Ä—à–µ–Ω–Ω–æ –æ—Ç–æ—Ä–≤–∞–Ω–Ω—ã–º –æ—Ç –ï–≤—Ä–æ–ø—ã. –Ø —Å—Ç—É–ø–∏–ª –≤ –Ω–æ–≤–æ–µ —Ü–∞—Ä—Å—Ç–≤–æ —Å–≤–æ–±–æ–¥–Ω–æ–≥–æ —á–µ–ª–æ–≤–µ–∫–∞ ‚Äî –≤—Å–µ –æ–±—ä–µ–¥–∏–Ω–∏–ª–æ—Å—å, —á—Ç–æ–±—ã –ø—Ä–æ–∏–∑–≤–µ—Å—Ç–∏ –Ω–∞ –º–µ–Ω—è –≤–ø–µ—á–∞—Ç–ª–µ–Ω–∏–µ –Ω–µ–±—ã–≤–∞–ª–æ–µ –∏ –æ–ø–ª–æ–¥–æ—Ç–≤–æ—Ä—è—é—â–µ–µ. –ë–æ–∂–µ –º–æ–π, —è –±—ã–ª —Å—á–∞—Å—Ç–ª–∏–≤! –ù–æ –≤–ø–µ—Ä–≤—ã–µ –≤ –∂–∏–∑–Ω–∏, –±—É–¥—É—á–∏ —Å—á–∞—Å—Ç–ª–∏–≤, —è –ø–æ–ª–Ω–æ—Å—Ç—å—é —ç—Ç–æ –æ—Å–æ–∑–Ω–∞–≤–∞–ª. –£–¥–∏–≤–∏—Ç–µ–ª—å–Ω—ã–µ –≤–µ—â–∏ —Å–ª—É—á–∞—é—Ç—Å—è —Å —á–µ–ª–æ–≤–µ–∫–æ–º, –ø–æ–ø–∞–≤—à–∏–º –≤ –ì—Ä–µ—Ü–∏—é, ‚Äî —É–¥–∏–≤–∏—Ç–µ–ª—å–Ω–æ –∑–∞–º–µ—á–∞—Ç–µ–ª—å–Ω—ã–µ , –∫–∞–∫–∏–µ –Ω–µ —Å–ª—É—á–∞—é—Ç—Å—è –±–æ–ª—å—à–µ –Ω–∏–≥–¥–µ –Ω–∞ –∑–µ–º–ª–µ. –¢–∞–∫ –∏–ª–∏ –∏–Ω–∞—á–µ, –ø–æ—á—Ç–∏ –∫–∞–∫ –µ—Å–ª–∏ –±—ã –û–Ω –æ–¥–æ–±—Ä–∏—Ç–µ–ª—å–Ω–æ –∫–∏–≤–∞–ª –µ–π —Å –≤—ã—Å–æ—Ç—ã, –ì—Ä–µ—Ü–∏—è –ø–æ–Ω—ã–Ω–µ –æ—Å—Ç–∞–µ—Ç—Å—è –ø–æ–¥ –ø–æ–∫—Ä–æ–≤–∏—Ç–µ–ª—å—Å—Ç–≤–æ–º –°–æ–∑–¥–∞—Ç–µ–ª—è. –õ—é–¥–∏ –º–æ–≥—É—Ç –±–∏—Ç—å—Å—è –∫–∞–∫ —Ä—ã–±–∞ –æ–± –ª–µ–¥ –¥–∞–∂–µ –≤ –ì—Ä–µ—Ü–∏–∏, –Ω–æ –ë–æ–∂–∏–µ –±–ª–∞–≥–æ—Å–ª–æ–≤–µ–Ω–∏–µ –ø–æ-–ø—Ä–µ–∂–Ω–µ–º—É –ª–µ–∂–∏—Ç –Ω–∞ –Ω–∏—Ö, –∏, –Ω–µ –≤–∞–∂–Ω–æ, —á—Ç–æ –º–æ–∂–µ—Ç –∏–ª–∏ —á—Ç–æ –ø–æ–ø—ã—Ç–∞–µ—Ç—Å—è —Å–æ—Ç–≤–æ—Ä–∏—Ç—å –ª—é–¥—Å–∫–æ–µ –ø–ª–µ–º—è, –ì—Ä–µ—Ü–∏—è –ø–æ-–ø—Ä–µ–∂–Ω–µ–º—É –æ—Å—Ç–∞–µ—Ç—Å—è —Å–≤—è—â–µ–Ω–Ω—ã–º –º–µ—Å—Ç–æ–º, –∏ —è —É–±–µ–∂–¥–µ–Ω: —Ç–∞–∫–æ–π –æ–Ω–∞ –æ—Å—Ç–∞–Ω–µ—Ç—Å—è –¥–æ —Å–∫–æ–Ω—á–∞–Ω–∏—è –≤—Ä–µ–º–µ–Ω."
38319,17997919780112422,"–ù—É –≤–æ–æ–±—â–µ —ç—Ç–æ –ª–æ–≥–∏—á–Ω–æ. –õ—é–¥–∏ –æ—á–µ–Ω—å –∑–∞–∫—Ä–µ–ø–æ—â–µ–Ω—ã, –∑–∞–∂–∞—Ç—ã –∏ —Å—Ç–µ—Å–Ω–∏—Ç–µ–ª—å–Ω—ã. –≠—Ç–æ —Ä–µ–∑—É–ª—å—Ç–∞—Ç –Ω–∞–≤—è–∑—ã–≤–∞–Ω–∏—è —Å—Ç–µ—Ä–µ–æ—Ç–∏–ø–æ–≤ –ø–æ–≤–µ–¥–µ–Ω–∏—è, —Å–æ—Ü–∏–∞–ª—å–Ω—ã—Ö –Ω–æ—Ä–º –∏ —Ç.–ø. –ê –∞–ª–∫–æ–≥–æ–ª—å —ç—Ç–æ—Ç –±–∞—Ä—å–µ—Ä —É–±–∏—Ä–∞–µ—Ç. –ò, –∫–∞–∫ —Å–ª–µ–¥—Å—Ç–≤–∏–µ, —á–µ–ª–æ–≤–µ–∫ —Å—Ç–∞–Ω–æ–≤–∏—Ç—Å—è —Å–º–µ–ª–µ–µ –≤ —Å–≤–æ–∏—Ö –ø–æ—Ä—ã–≤–∞—Ö –∏ —Ä–∞—Å—Å—É–∂–¥–µ–Ω–∏—è—Ö. –ù–æ —Ç—É—Ç –¥–∞, –≥–ª–∞–≤–Ω–æ–µ –Ω–µ –ø–µ—Ä–µ–±–æ—Ä—â–∏—Ç—å —Å –∞–ª–∫–æ–≥–æ–ª–µ–º)"
17972,17929622686077496,"@_curly_polly –∫—Å—Ç–∞—Ç–∏, –∑–∏–ø–ø–∏/—Ç—É—Ç–∏—Å —Ç–æ–∂–µ –≤—Å–µ —Ä—É–≥–∞—é—Ç, –∫–∞—á–µ—Å—Ç–≤–æ –ø–ª–æ—Ö–æ–µ, —á–∞—Å—Ç–æ –ª–æ–º–∞–µ—Ç—Å—è... –ø—Ä–æ —Ä–∏–∫–æ –±—Ä—É–Ω–æ(–∫–æ—Ç–æ—Ä–æ–µ –º—ã –≤–∑—è–ª–∏) –Ω–∏—á–µ–≥–æ –æ—Å–æ–±–æ —Å–∫–∞–∑–∞—Ç—å –Ω–µ –º–æ–≥—É-–¥–µ–≤–æ—á–∫–∞ –ø–æ—Å–æ–≤–µ—Ç–æ–≤–∞–ª–∞ –∏ —Ü–≤–µ—Ç (–±–∏—Ä—é–∑–æ–≤—ã–π —Å –±–µ–ª—ã–º) –º–Ω–µ –æ—á–µ–Ω—å –ø–æ–Ω—Ä–∞–≤–∏–ª—Å—è, —Ü–≤–µ—Ç —Å—Ç–∞–ª —Ä–µ—à–∞—é—â–∏–º —Ñ–∞–∫—Ç–æ—Ä–æ–º)) –Ω—É –∏ –ª–µ–≥–∫–∞—è, –∫–∞—Ç–∞–µ—Ç—Å—è —Ö–æ—Ä–æ—à–æ (–ø–æ –º–∞–≥–∞–∑–∏–Ω—É)))"
20439,17850192508265164,"@vikagrey —è –Ω–µ –∑–Ω–∞—é —Å–∫–æ–ª—å–∫–æ –µ–π –ª–µ—Ç :) –£ –Ω–∞—Å –±—ã–ª —Å–µ–º–∏–Ω–∞—Ä –∏–∑ 4-—Ö —á–µ–ª–æ–≤–µ–∫ (–≤–∫–ª—é—á–∞—è –µ–µ) –∏ –º—ã –∑–∞ –≤–µ—Å—å —Å–µ–º–∏–Ω–∞—Ä –Ω–µ —Ä–∞–∑—É –Ω–µ –∑–∞–≥–æ–≤–æ—Ä–∏–ª–∏ –ø—Ä–æ –≤–æ–∑—Ä–∞—Å—Ç. –û–Ω –ø—Ä–æ—Å—Ç–æ –Ω–µ –∏–º–µ–µ—Ç –Ω–∏–∫–∞–∫–æ–≥–æ –∑–Ω–∞—á–µ–Ω–∏—è, –ª—é–¥–∏ –¥–æ–ª–∂–Ω—ã –ø–µ—Ä–µ—Å—Ç–∞—Ç—å –∑–∞—Ü–∏–∫–ª–∏–≤–∞—Ç—å—Å—è –Ω–∞ —ç—Ç–æ–º üôåüèº‚ù§Ô∏è –ê –¥–µ—Ç–µ–π —É –Ω–∏—Ö –Ω–µ—Ç. –û–Ω–∞ —Å–∫–∞–∑–∞–ª–∞: ¬´–æ—Ç—Å—É—Ç—Å–≤–∏–µ —É –º–µ–Ω—è –¥–µ—Ç–µ–π - —ç—Ç–æ –º–æ–π –≤–∫–ª–∞–¥ –≤ —ç—Ç–æ –æ–±—â–µ—Å—Ç–≤–æ¬ª, –ø—Ä–æ–¥–æ–ª–∂–∏–ª–∞ —ç—Ç—É —Ñ—Ä–∞–∑—É —Ç–µ–º, —á—Ç–æ –µ—Å–ª–∏ –ª—é–¥–∏ –Ω–µ —Ö–æ—Ç—è—Ç –¥–µ—Ç–µ–π, –æ–Ω–∏ –Ω–µ –¥–æ–ª–∂–Ω—ã —á—É–≤—Å—Ç–≤–æ–≤–∞—Ç—å —Å–µ–±—è Guilty –∑–∞ —ç—Ç–æ üëçüèº —Å –∏–¥–µ—è–º–∏ –ø–æ–∑–Ω–∞–∫–æ–º–∏–ª–∞—Å—å –≥–¥–µ-—Ç–æ –ø–æ–ª—Ç–æ—Ä–∞ –≥–æ–¥–∞ –Ω–∞–∑–∞–¥, —Å–ª—É—á–∞–π–Ω–æ –Ω–∞—Ç–∫–Ω—É–ª–∞—Å—å –Ω–∞ –∞—É–¥–∏–æ –≥–¥–µ –ñ–∞–∫ —Ä–∞—Å—Å–∫–∞–∑—ã–≤–∞–ª —á—Ç–æ-—Ç–æ, —á—Ç–æ –º–µ–Ω—è –∑–∞—Ü–µ–ø–∏–ª–æ. –ù–µ –ø–æ–º–Ω—é –æ —á–µ–º –æ–Ω —Ç–æ–≥–¥–∞ –≥–æ–≤–æ—Ä–∏–ª, –ø–æ–º–Ω—é —á—Ç–æ –ø—Ä–æ—Å—Ç–æ—Ç–∞ –∏–∑–ª–æ–∂–µ–Ω–∏—è –∏ –≥–ª—É–±–∏–Ω–∞ –ø–æ—Ä–∞–∑–∏–ª–∞."
5581,17870470837101308,"–û—Ç –ª–µ—Ç–∞ —è, –ø—Ä–µ–∂–¥–µ –≤—Å–µ–≥–æ, –∂–¥—É –≤—Å—Ç—Ä–µ—á–∏ —Å –º–æ—Ä–µ–º....–ó–Ω–∞–µ—Ç–µ –ª–∏ –≤—ã —á–µ–º –ø–∞—Ö–Ω–µ—Ç –º–æ—Ä–µ –≤ —Å–µ–Ω—Ç—è–±—Ä–µ?... –ü–∏—Ç–µ—Ä—Ü—ã —É—Å–º–µ—Ö–Ω—É—Ç—å—Å—è - –Ω—É –∫–∞–∫–æ–µ –∂–µ —ç—Ç–æ –ª–µ—Ç–æ....—Å–µ–Ω—Ç—è–±—Ä—å —ç—Ç–æ —É–∂–µ –æ—Å–µ–Ω—å! –ï—Å–ª–∏ —Ç—ã –∂–∏–≤–µ—à—å –≤ –†–æ—Å—Ç–æ–≤–µ-–Ω–∞-–î–æ–Ω—É, —Å–µ–Ω—Ç—è–±—Ä—å —ç—Ç–æ –µ—â–µ —Å–æ–≤—Å–µ–º –ª–µ—Ç–æ! –ò –≤ —Å–µ–Ω—Ç—è–±—Ä–µ –º—ã –µ–∑–¥–∏–º –Ω–∞ –º–æ—Ä–µ... –∏ –≤ —ç—Ç–æ –≤—Ä–µ–º—è –æ–Ω–æ –ø–∞—Ö–Ω–µ—Ç –∞—Ä–±—É–∑–æ–º! –ü—Ä–æ–∑—Ä–∞—á–Ω–∞—è, –∏–∑—É–º—Ä—É–¥–Ω–æ–≥–æ —Ü–≤–µ—Ç–∞ –≤–æ–¥–∞ —Å –Ω–µ–∑–∞–±—ã–≤–∞–µ–º—ã–º –∑–∞–ø–∞—Ö–æ–º –ª–µ—Ç–∞! –¢–∞–∫–æ–µ –±—ã–≤–∞–µ—Ç —Ç–æ–ª—å–∫–æ –Ω–∞ –Ω–∞—à–µ–º –ß–µ—Ä–Ω–æ–º–æ—Ä—Å–∫–æ–º –ø–æ–±–µ—Ä–µ–∂—å–µ!"
5080,17881979362029776,"@ma_shu_lia –ú–∞—à—É–ª—å, –∑–Ω–∞–µ—à—å —Ç–æ–ª—Å—Ç–æ–∫–æ–∂–µ—Å—Ç—å —ç—Ç–æ –æ–∫–∞–∑—ã–≤–∞–µ—Ç—Å—è –≤—Ç–æ—Ä–∏—á–Ω–∞—è –≤—ã–≥–æ–¥–∞. –¢–æ–ª—Å—Ç—ã–º –±—ã—Ç—å –Ω–µ –ø–ª–æ—Ö–æ, –∑–∏–º–æ–π —Ç–µ–ø–ª–µ–µ. –ì–æ–≤–æ—Ä–∏—Ç—å –æ–± —ç—Ç–æ–º –º–æ–∂–Ω–æ –±–µ—Å–∫–æ–Ω–µ—á–Ω–æ. –ò –∫ —Å–≤–æ–µ–π —Å—Ç—Ä–æ–π–Ω–æ—Å—Ç–∏ —è –∏–¥—É (–¥–µ–ª–∞—é) —Å–≤–æ–∏–º–∏ –≤—Å–µ–≤–æ–∑–º–æ–∂–Ω—ã–º–∏ —à–∞–≥–∞–º–∏ (—Å–≤–æ–µ–π –≥–æ–ª–æ–≤–æ–π), —Ö–æ—Ç—å –∏ –ø–µ—Ä–µ–±–µ–≥–∞—é –∫ –ø–æ–º–æ—â–∏ –ø—Å–∏—Ö–æ–ª–æ–≥–∞. –ù–∞ –≤–æ–π–Ω–µ –≤—Å–µ —Å—Ä–µ–¥—Å—Ç–≤–∞ —Ö–æ—Ä–æ—à–∏. –ù–∞–¥–µ–∂–¥–∞, –≤–µ—Ä–∞, –ª—é–±–æ–≤—å –≤ —Å–µ–±—è –≤—Å–µ–≥–¥–∞ —Å–æ –º–Ω–æ–π:)"
19371,17903545129199764,"@vishe___oblakov –µ—Å—Ç—å –µ—â–µ –¥–æ–≥–æ–≤–æ—Ä –æ—Ñ–∏—Ü–∏–∞–ª—å–Ω—ã–π. –ù–æ —ç—Ç–æ —Å—Ç—Ä–∞—Ö–æ–≤–∫–∞ –æ—Ç –∫—Ä–∞–π–Ω–∏—Ö —Å–ª—É—á–∞–µ–≤ –Ω–µ–∞–¥–µ–∫–≤–∞—Ç–∞, —Ç–∞–∫–æ–µ –æ—Ç—Å–µ–∏–≤–∞–µ—Ç—Å—è –µ—â–µ –Ω–∞ –ø—Ä–µ–¥–≤–∞—Ä–∏—Ç–µ–ª—å–Ω—ã—Ö –ø–µ—Ä–µ–≥–æ–≤–æ—Ä–∞—Ö, –∫–æ–Ω–µ—á–Ω–æ. –û–±—ã—á–Ω–æ –ø–æ –ª—é–¥—è–º –±–æ–ª–µ–µ –º–µ–Ω–µ–µ –ø–æ–Ω—è—Ç–Ω–æ –Ω–∞—Å–∫–æ–ª—å–∫–æ –æ–Ω–∏ –æ–ø—ã—Ç–Ω—ã –≤ –æ–±—Ä–∞—â–µ–Ω–∏–∏ —Å —Å–æ–±–∞–∫–∞–º–∏ –ª–∏–±–æ, —Ö–æ—Ç—è –±—ã –∫–∞–∫–æ–π —É –Ω–∏—Ö —ç–Ω—Ç—É–∑–∏–∞–∑–º. –í–µ—Ä–∏–º –≤ –ª—É—á—à–µ–µ )"
31908,17974360963123932,"–î–ª—è —Ä–µ—à–µ–Ω–∏—è –∫–µ–π—Å–∞ –ø—Ä–æ –∞–≤—Ç–æ–º–æ–±–∏–ª–∏ –º–Ω–µ –Ω–µ —Ö–≤–∞—Ç–∞–µ—Ç –∏–Ω—Ñ–æ—Ä–º–∞—Ü–∏–∏ –∏ —è –±—ã –ø–æ–ø—Ä–æ—Å–∏–ª –≤–≤–æ–¥–Ω—ã–µ –¥–æ–ø–æ–ª–Ω–∏—Ç–µ–ª—å–Ω–æ. –ù–∞–ø—Ä–∏–º–µ—Ä, –µ—Å—Ç—å –ª–∏ –∫—É—Ä—å–µ—Ä—Å–∫–∏–µ —Å–ª—É–∂–±—ã –∏–ª–∏ –∫—É—Ä—å–µ—Ä—É –∞ –∫–æ–º–ø–∞–Ω–∏–∏. –ê–≤—Ç–æ–º–æ–±–∏–ª—å –µ–æ–º–ø–∞–Ω–∏–∏- —á—Ç–æ –∏–º–µ–µ—Ç—Å—è –≤ –≤–∏–¥—É? –ó–∞–∫–∞–∑ —Ç–∞–∫—Å–∏ –≤ –ì–µ—Ç —Ç–∞–∫—Å–∏? –ê–≤—Ç–æ–º–æ–±–∏–ª—å –±–µ–∑ –≤–æ–¥–∏—Ç–µ–ª—è? –û–¥–∏–Ω –Ω–∞ –≤—Å–µ—Ö. –õ–∏—á–Ω—ã–π , –∑–∞—Ä–µ–∑–µ—Ä–≤–∏—Ä–æ–≤–∞–Ω–Ω—ã–π –∞–≤—Ç–æ –ø–æ–¥ –¥–∏—Ä–µ–∫—Ç–æ—Ä–∞? –ù–∞–ª–∏—á–∏–µ –ª–∏—á–Ω–æ–≥–æ –≤–æ–¥–∏—Ç–µ–ª—è —É –¥–∏—Ä–µ–∫—Ç–æ—Ä–∞? –ú–æ–∂–µ—Ç –±—ã—Ç—å –¥–∏—Ä–µ–∫—Ç–æ—Ä –µ–∑–¥–∏—Ç —Å–∞–º –Ω–∞ —Å–≤–æ–µ–π –∞–≤—Ç–æ , –ø–æ—Å—Ç–∞–≤–∏–≤ –µ—ë –Ω–∞ –≤–æ–∑–º–µ—â–µ–Ω–∏–µ –∑–∞—Ç—Ä–∞—Ç –∞ –∫–æ–º–ø–∞–Ω–∏–∏? –Ø –≤—Å—Ç—Ä–µ—á–∞–ª –≤—Å–µ —ç—Ç–∏ —Å–ª—É—á–∞–∏. –í –∑–∞–≤–∏—Å–∏–º–æ—Å—Ç–∏ –æ—Ç –≤–≤–æ–¥–Ω–≤—Ö —Ç–æ–ª—å–∫–æ –¥–ª—è –¥–∏—Ä–µ–∫—Ç–æ—Ä–∞ —É –º–µ–Ω—è –≤–∞—Ä–∏–∞–Ω—Ç—ã: –æ—Å—Ç–∞–≤–∏—Ç –µ–º—É –∞–≤—Ç–æ –∫–æ–º–ø–∞–Ω–∏–∏ (–æ—Å–æ–±–µ–Ω–Ω–æ –µ—Å–ª–∏ —É –Ω–µ–≥–æ –ø–µ—Ä—Å–æ–Ω–∞–ª—å–Ω—ã–π –≤–æ–¥–∏—Ç–µ–ª—å –∏–ª–∏ –ª–∏—á–Ω—ã–π –∞–≤—Ç–æ), –∑–∞–∫–∞–∑–∞—Ç—å –µ–º—É —Ç–∞–∫—Å–∏ —É—Ä–æ–≤–Ω—è –í–ò–ü –ø–æ –µ–≥–æ —Ç—Ä–µ–±–æ–≤–∞–Ω–∏—é, –ø–æ–∫–∞ —Å–∞–º –≤–æ–∑–º–æ–∂–Ω–æ –æ—Ç–ª—É—á–∏–ª—Å—è. , –ó–∞–±—Ä–∞—Ç—å —É –Ω–µ–≥–æ –∞–≤—Ç–æ –µ–≥–æ –∏ –ø–æ–µ—Ö–∞—Ç—å –≤—Å—Ç—Ä–µ—á–∞—Ç—å –≤–∞–∂–Ω–æ–≥–æ –∫–ª–∏–µ–Ω—Ç–∞ –≤ –∞—ç—Ä–æ–ø–æ—Ä—Ç, –µ—Å–ª–∏ –ø–æ–ª–æ–∂–µ–Ω–æ –ø–æ –ø—Ä–æ—Ç–æ–∫–æ–ª—É. –¢—É—Ç –º–æ–∂–µ—Ç –±—ã—Ç—å –ø–æ-—Ä–∞–∑–Ω–æ–º—É. –ö –∞–≤—Ç–æ –º–æ–∂–µ—Ç –∏ –¥–∏—Ä–µ–∫—Ç–æ—Ä –ø–æ—Ç—Ä–µ–±–æ–≤–∞—Ç—å—Å—è. –ü—Ä–æ—Ç–æ–∫–æ–ª –∂–µ. –ú–æ–∂–Ω–æ –∞–≤—Ç–æ –∫–æ–º–ø–∞–Ω–∏–∏, –µ—Å–ª–∏ —ç—Ç–æ –æ–±—ã—á–Ω—ã–π –Ω–∞—Ä–∞—Å—Ö–≤–∞—Ç –æ—Ç–ø—Ä–∞–≤–∏—Ç—å —Å –¥–æ–∫—É–º–µ–Ω—Ç–∞–º–∏, –∫–ª–∏–µ–Ω—Ç—É —Ç–∞–∫—Å–∏ –∞ —Å–∞–º —Å –¥–∏—Ä–µ–∫—Ç–æ—Ä–æ–º –ø–æ –µ–≥–æ –≤–∞–∂–Ω–æ–º—É –¥–µ–ª—É. –ò –¥–∏—Ä–µ–∫—Ç–æ—Ä—É –±—ã–≤–∞–µ—Ç –Ω—É–∂–µ–Ω —Å–æ–±–µ—Å–µ–¥–Ω–∏–∫.  –ò —á–µ–ª–æ–∞–µ–∫, –∑–Ω–∞—é—â–∏–π –≥–æ—Ä–æ–¥ –∏ –º–µ—Å—Ç–æ, –∫—É–¥–∞ –µ—Ö–∞—Ç—å. –í–∞—Ä–∏–∞–Ω—Ç–æ–≤ –ø—Ä–æ—Å—Ç–æ –º–∞—Å—Å–∞. –ê.–°. –ú–∞–∫–∞—Ä–µ–Ω–∫–æ –µ—â—ë –≥–æ–≤–æ—Ä–∏–ª –≤ 1939 –≥–æ–¥—É –ø—Ä–æ –∫–æ–º–ø–µ—Ç–µ–Ω—Ü–∏—é –æ—Ä–∏–µ–Ω—Ç–∏—Ä–æ–≤–∞–Ω–∏–µ. –°–∫–æ—Ä–æ 100 –ª–µ—Ç —É–∂ –±—É–¥–µ—Ç. –ê"
47830,18081052741142964,"@ugolovnye_voprosy  —Å–ø–∞—Å–∏–±–æ –∫–æ–Ω–µ—á–Ω–æ –∑–∞ –∏–Ω–¥–∏–≤–∏–¥—É–∞–ª—å–Ω—É—é —Å—Ç—Ä–æ—á–∫—ÉüòÜ –µ—Å–ª–∏ –±—É–¥–µ—Ç–µ —Ç–∞–∫–æ–µ —Ä–µ–∞–ª—å–Ω–æ –¥–µ–ª–∞—Ç—å, –±—É–¥—É –¥–æ–±–∞–≤–ª—è—Ç—å —ç—Ç–æ –≤ —Å—Ç–æ—Ä–∏–∑))) —è –Ω–µ—á–µ–≥–æ –Ω–µ –ø—É—Ç–∞—é. –≠—Ç–æ —Ç—ã –ø–æ—Ö–æ–¥—É –ø–µ—Ä–µ–ø—É—Ç–∞–ª –∏ –≤—Ç–∏—Ä–∞–µ—à—å —Ç—É—Ç –∑–∞ –º—É—Å–∞—Ä—å–µ, —á—Ç–æ –æ–Ω–∏ –ø—Ä—è–º –¥–∞—Ä—Ç–∞–Ω—å—è–Ω—ã –≤—Å–µüòÇ, –Ω–æ —ç—Ç–æ –Ω–µ —Ç–∞–∫, —Ç—ã —Å–∞–º –æ–± —ç—Ç–æ–º –≤ –∫—É—Ä—Å–µ. ""–ò–∑–ª–∏–≤–∞—Ç—å —Å–≤–æ—é –±–æ–ª—å..."" –ö–∞–∫–∞—è –±–æ–ª—å, –¥–µ–±–∏–ª—å–Ω—É—Ç—ã–π? –ü—Ä–æ—Å—Ç–æ–µ –≤—ã—Ä–∞–∂–µ–Ω–∏–µ –º–Ω–µ–Ω–∏—è."
35631,18005101021009580,"–ü—Ä–æ–±–ª–µ–º–Ω—ã–π –≤–æ–ø—Ä–æ—Å, –ø–æ–¥–Ω—è—Ç—ã–π –∏–∑ —Ä—É–∏–Ω. –ú–∞–ª—É—é –∞–≤–∏–∞—Ü–∏—é –≤–æ–∑—Ä–æ–∂–¥–∞—Ç—å –Ω–∞–¥–æ. –≠—Ç–æ –Ω–µ–æ–±—Ö–æ–¥–∏–º–æ—Å—Ç—å –∏ —ç—Ç–æ –æ—á–µ–≤–∏–¥–Ω–æ. –í–æ–æ–±—â–µ —É–¥–∏–≤–ª—è–µ—Ç, –∫–∞–∫ —Ç–∞–∫–æ–π —É–¥–æ–±–Ω—ã–π –∏ –¥–æ—Å—Ç—É–ø–Ω—ã–π –≤–∏–¥ —Ç—Ä–∞–Ω—Å–ø–æ—Ä—Ç–∞ –∏—Å—á–µ–∑ –∏–∑ –†–æ—Å—Å–∏–∏, –≤ —Ç–æ –≤—Ä–µ–º—è, –∫–æ–≥–¥–∞ –º–∞–ª–∞—è –∞–≤–∏–∞—Ü–∏—è –ø–æ–ø—É–ª—è—Ä–Ω–∞ –∏ —Ä–∞–∑–≤–∏—Ç–∞ –¥–∞–∂–µ –≤ –æ—Ç—Å—Ç–∞–ª—ã—Ö —Å—Ç—Ä–∞–Ω–∞—Ö"
52804,17923470019350328,"–° 4 –ª–µ—Ç –∑–∞–Ω–∏–º–∞—é—Å—å –≥–∏–º–Ω–∞—Å—Ç–∏–∫–æ–π, —Å–µ–π—á–∞—Å –º–Ω–µ 14 –∏ —É –º–µ–Ω—è —Å–µ—Ä—å—ë–∑–Ω—ã–µ –ø—Ä–æ–±–ª–µ–º—ã —Å–æ –∑–¥–æ—Ä–æ–≤—å–µ–º, –∏–∑-–∑–∞ —Ç–æ–π –∂–µ –≥–∏–º–Ω–∞—Å—Ç–∏–∫–∏. –í –∑–∞–ª–µ –ø—Ä–æ–≤–æ–¥–∏–ª–∞ –±–æ–ª—å—à–µ –≤—Ä–µ–º–µ–Ω–∏, —á–µ–º –≤ —à–∫–æ–ª–µ, —Å –∫–∞–∂–¥—ã–º –≥–æ–¥–æ–º —É—Å–ø–µ–≤–∞–µ–º–æ—Å—Ç—å –ø–∞–¥–∞–ª–∞. –í–æ—Ç —Ç–µ –¥–≤–µ –ø—Ä–∏—á–∏–Ω—ã –ø–æ –∫–æ—Ç–æ—Ä—ã–º —è –±—Ä–æ—Å–∏–ª–∞. –ú–Ω–æ–≥–æ –¥–µ–Ω–µ–≥ —É—Ö–æ–¥–∏–ª–æ, –æ–¥–Ω–∏ –∫—É–ø–∞–ª—å–Ω–∏–∫–∏ –æ–∫–æ–ª–æ 20 —Ç—ã—Å—è—á —Å—Ç–æ—è—Ç. –°—á–∏—Ç–∞—é, —á—Ç–æ –∑—Ä—è –ø–æ—Ç—Ä–∞—Ç–∏–ª–∞ –≤—Ä–µ–º—è. –ë–µ–∑—É—Å–ª–æ–≤–Ω–æ, –º–Ω–æ–≥–æ –º–µ–¥–∞–ª–µ–π –∏ –∫—É–±–∫–æ–≤ —Å—Ç–æ—è—Ç –Ω–∞ –ø–æ–ª–∫–µ, —Ç–æ–ª—å–∫–æ –≤–æ—Ç –∑–∞—á–µ–º –æ–Ω–∏ –º–Ω–µ –Ω—É–∂–Ω—ã? –î–æ –º—Å –Ω–µ –¥–æ—à–ª–∞, –≤—Ä–∞—á –∑–∞–ø—Ä–µ—Ç–∏–ª, –∏ –∫—Ä–æ–º–µ —Å–∫–æ–ª–∏–æ–∑–∞, –±–æ–ª—å–Ω—ã—Ö —Å—É—Å—Ç–∞–≤–æ–≤ –∏ –º—ã—à—Ü –∏  –º–Ω–æ–≥–æ—á–∏—Å–ª–µ–Ω–Ω—ã—Ö —Å–∏–Ω—è–∫–æ–≤ —É –º–µ–Ω—è –æ—Ç –≥–∏–º–Ω–∞—Å—Ç–∏–∫–∏ –Ω–∏—á–µ–≥–æ –Ω–µ –æ—Å—Ç–∞–ª–æ—Å—å"
50104,17900211100397108,"@onko_psyholog —Ä–∞–∫ —É –Ω–µ–≥–æ –±—ã–ª 20 –ª–µ—Ç –Ω–∞–∑–∞–¥. –í —ç—Ç–æ–º –≥–æ–¥—É –ø–æ–≤—Ç–æ—Ä–∏–ª—Å—è, –Ω–æ –¥—Ä—É–≥–æ–π. –í–æ –≤—Ä–µ–º—è –∑–∞–º–µ—Ç–∏–ª–∏. –ü—Ä–æ—Å—Ç–æ –æ–ø–µ—Ä–∞—Ü–∏—è –∏ —Ç–æ—á–µ—á–Ω–∞—è –ª—É—á–µ–≤–∞—è. –î–∞–∂–µ –ø–µ—Ä–≤—É—é —Å—Ç–∞–¥–∏—é –Ω–µ –ø–æ—Å—Ç–∞–≤–∏–ª–∏. –°–∫–∞–∑–∞–ª–∏ 100%–∑–¥–æ—Ä–æ–≤. –ü–æ—Ç–æ–º –ø—Ä–∏—à—ë–ª —Å—Ç—Ä–∞—Ö —Å–º–µ—Ä—Ç–∏. –Ø –ø—Ä–µ–¥–ª–æ–∂–∏–ª–∞ –ø—Å–∏—Ö–æ–ª–æ–≥–∞-–æ–Ω–∫–æ–ª–æ–≥–∞. –ù–∞—á–∞–ª —Ö–æ–¥–∏—Ç—å, –∞ –ø–æ—Ç–æ–º –∫–∞–∫ –ø–µ—Ä–µ–∫–ª–∏–Ω–∏–ª–æ –∏ –≤—Å—é –∞–≥—Ä–µ—Å—Å–∏—é –Ω–∞ –º–µ–Ω—è. –û–±–≤–∏–Ω–∏–ª –≤–æ –≤—Å–µ–º. –ß—Ç–æ –∂–∏–ª–∏ –ø–ª–æ—Ö–æ –∏ –Ω–µ —Ç–∞–∫, —Å–µ–º—å—è –Ω–µ –Ω—É–∂–Ω–∞, —Ö–æ—á—É –∂–∏—Ç—å –¥–ª—è —Å–µ–±—è, –º–Ω–µ —Ö–æ—Ä–æ—à–æ –æ–¥–Ω–æ–º—É, –æ—Å—Ç–∞–≤—å –º–µ–Ω—è –∏ —Ç. –î. –ü–ª–æ—Ö–æ –µ–º—É —ç–º–æ—Ü–∏–æ–Ω–∞–ª—å–Ω–æ. –Ø –≤–∏–∂—É, –Ω–æ –æ–Ω –º–æ–ª—á–∏—Ç –∏ –Ω–µ —Ö–æ—á–µ—Ç –≥–æ–≤–æ—Ä–∏—Ç—å. –ê –º–Ω–µ –±–æ–ª—å–Ω–æ –∏ –æ–±–∏–¥–Ω–æ –∏ —á—Ç–æ –¥–µ–ª–∞—Ç—å —è –Ω–µ –∑–Ω–∞—é. ((("
24154,17905570600207824,"@alekseenkova_v –∫—Ç–æ –Ω–µ –±–æ–∏—Ç—Å—è –≤—Å–µ –∑–∞—è–≤–∏–ª–∏—Å—å —É–∂–µ)—Å–≤–æ–∏—Ö –Ω–µ —Å—Ç–µ—Å–Ω—è–ª–∞—Å—å, –∞ –Ω–∞ —É–ª–∏—Ü–µ –Ω–µ —Ä–∏—Å–∫–Ω—É–ª–∞ –µ—â–µ –Ω–∏ —Ä–∞–∑—É, —Ç—É—Ç –æ–¥–Ω–∞ –º–∞–¥–∞–º, –≤—ã—Ö–æ–¥—è(!) –∏–∑ –ø–æ–ª–∏–∫–ª–∏–Ω–Ω–∏–∫–∏, –≤—ã–≤–∞–ª–∏–ª–∞ –Ω–∞ –Ω–∞—Å —Å–≤–æ–µ –±–æ–≥–∞—Ç—Å—Ç–≤–æ, –ø—Ä–∏ —ç—Ç–æ–º –ø—Ä–æ–¥–æ–ª–∂–∞—è –∫–æ—Ä–º–∏—Ç—å, —è –¥–æ —Å–∏—Ö –ø–æ—Ä –≤ —à–æ–∫–µüò¨–ø—Ä–µ–¥—Å—Ç–∞–≤–ª—è—é, —á—Ç–æ –º—É–∂—á–∏–Ω—ã –∏—Å–ø—ã—Ç—ã–≤–∞—é—Ç.."
28270,17938983475197488,"–ó–∞ 5 –ª–µ—Ç –∂–∏–∑–Ω–∏ –¥–æ—á–µ—Ä–∏ –≤–ø–µ—Ä–≤—ã–µ –≤—Å—Ç—Ä–µ—Ç–∏–ª–∞ —Ä–µ–±—ë–Ω–∫–∞ —Å —Ç–∞–∫–∏–º –∂–µ –∏–º–µ–Ω–µ–º.. –ü–∞—É–ª–∏–Ω–∞. –ü—Ä–µ–∫—Ä–∞—Å–Ω–µ–π—à–µ–µ –∏–º—è! –ñ–∏–≤–æ—Ç–∞ –Ω–µ –±—ã–ª–∞ –Ω–∏ —Å –∫–µ–º. –í—Å–µ –¥–æ–∫—Ç–æ—Ä–∞ —à—É—Ç–∏–ª–∏ ¬´–ß—Ç–æ —Ç—ã –∑–¥–µ—Å—å –≤–æ–æ–±—â–µ –¥–µ–ª–∞–ª–∞?¬ª–ü—Ä–∏ —á–µ–º –≤—Å–µ 3 —Ä–∞–∑–∞. –ù–µ –∑–Ω–∞—é —Å —á–µ–º —ç—Ç–æ —Å–≤—è–∑–∞–Ω–æ. –ù–∏–∫–æ–≥–¥–∞ –ø—Ä—è–º —Ö—É–¥–æ–π –Ω–µ –±—ã–ª–∞, –ø–æ–ª–Ω–æ–π —Ç–æ–∂–µ."
27864,17848460404295124,"@neprostodeti –ø–∏—Å–∞–ª–∞, –Ω–æ –ø–æ—Å—Ç —É–¥–∞–ª–∏–ª—Å—è - –æ—Ä–≥–∞–Ω–∏–∑–º –Ω–µ –≤—ã—Ä–∞–±–∞—Ç—ã–≤–∞–µ—Ç –≤—à–µ–π –Ω–∞–ø—Ä–∏–º–µ—Ä - —Ç–æ–∂–µ - –ø—Ä–∏—à–µ–ª—å—Ü—ã –∏–∑–≤–Ω–µ –∏ —Ä–∞–∑–º–Ω–æ–∂–∞—é—Ç—Å—è –Ω–∞ —á–µ–ª–æ–≤–µ–∫–µ, –µ—Å–ª–∏ –¥–ª—è –Ω–∏—Ö –∫–æ–º—Ñ–æ—Ä—Ç–Ω—ã–µ —É—Å–ª–æ–≤–∏—è: –∑–∞—Ä–∞–∂–µ–Ω–Ω—ã–π —á–µ–ª–æ–≤–µ–∫ –Ω–µ –º–æ–µ—Ç—Å—è, –Ω–µ –º–µ–Ω—è–µ—Ç, –Ω–µ —Å—Ç–∏—Ä–∞–µ—Ç –∏ –Ω–µ –ø–æ–¥–≤–µ—Ä–≥–∞–µ—Ç –±–µ–ª—å—ë –≤–æ–∑–¥–µ–π—Å—Ç–≤–∏—é –≤—ã—Å–æ–∫–∏—Ö —Ç–µ–º–ø–µ—Ä–∞—Ç—É—Ä - –≥–ª–∞–∂–µ–Ω–∏—é. –í—ã–±–æ—Ä —á–µ–ª–æ–≤–µ–∫–∞ - –º–∏—Ä–∏—Ç—å—Å—è —Å –ø–∞—Ä–∞–∑–∏—Ç–∞–º–∏ –∏–ª–∏ –ø—Ä–µ–¥–ø—Ä–∏–Ω–∏–º–∞—Ç—å –º–µ—Ä—ã –¥–ª—è —Å–≤–æ–µ–≥–æ –∫–æ–º—Ñ–æ—Ä—Ç–Ω–æ–≥–æ —Å—É—â–µ—Å—Ç–≤–æ–≤–∞–Ω–∏—è. –ê–Ω–∞–ª–æ–≥–∏—è - –ø–æ–∑–≤–æ–ª—è—Ç—å –≤—Ä–µ–¥–Ω–æ–π –º–∏–∫—Ä–æ—Ñ–ª–æ—Ä–µ —Ä–∞–∑–≤–∏–≤–∞—Ç—å—Å—è –∏–ª–∏ –ø–æ–ª–µ–∑–Ω—É—é –∑–∞—Å–µ–ª—è—Ç—å"
12342,17913539557023574,"–ö–∞–∫ —á–µ–ª–æ–≤–µ–∫ —Å –ø–µ–¥–∞–≥–æ–≥–∏—á–µ—Å–∫–∏–º –æ–±—Ä–∞–∑–æ–≤–∞–Ω–∏–µ–º –∏ –æ–ø—ã—Ç–æ–º –ø—Ä–µ–ø–æ–¥–∞–≤–∞–Ω–∏—è —è–∑—ã–∫–∞ –∏ –¥–µ—Ç—è–º –∏ –≤–∑—Ä–æ—Å–ª—ã–º, —è —Å—á–∏—Ç–∞—é, —á—Ç–æ –¥–ª—è —Ç–∞–∫–∏—Ö –¥–æ–º–∞—à–Ω–∏—Ö –∑–∞–¥–∞–Ω–∏–π —É—á–∏—Ç–µ–ª—å –¥–æ–ª–∂–µ–Ω –¥–∞–≤–∞—Ç—å –±–∞–∑—É, —Ä–∞–∑–≤–∏–≤–∞—è —Å–æ–æ—Ç–≤–µ—Ç—Å—Ç–≤—É—é—â–∏–µ –Ω–∞–≤—ã–∫–∏. –ü–æ—Ç–æ–º—É —á—Ç–æ –¥–æ–º–∞—à–Ω—è—è —Ä–∞–±–æ—Ç–∞ - —ç—Ç–æ, –ø—Ä–µ–∂–¥–µ –≤—Å–µ–≥–æ, –ø–æ–≤—Ç–æ—Ä–µ–Ω–∏–µ –∏ –∑–∞–∫—Ä–µ–ø–ª–µ–Ω–∏–µ –∏–∑—É—á–µ–Ω–Ω–æ–≥–æ –º–∞—Ç–µ—Ä–∏–∞–ª–∞. –ë–∞–∑—ã –Ω–µ—Ç!  –ò –≥—Ä—É—Å—Ç–Ω–æ –∏–º–µ–Ω–Ω–æ –æ—Ç —ç—Ç–æ–≥–æ!  –ò —è –ø–æ–º–æ–≥–∞—é –Ω–µ —Ä–µ–±—ë–Ω–∫—É, –∞ –µ–≥–æ —Ä–æ–¥–∏—Ç–µ–ª—è–º, –Ω–µ –∏–º–µ—è –ø–æ–¥ —Ä—É–∫–∞–º–∏ –Ω–∏ —É—á–µ–±–Ω–∏–∫–∞, –Ω–∏ –º–µ—Ç–æ–¥–∏—á–µ–∫ –Ω–∞—á–∞–ª—å–Ω–æ–π —à–∫–æ–ª—ã, —á—Ç–æ–±—ã —Ä–∞–∑–±–∏—Ä–∞—Ç—å—Å—è, –∫–∞–∫–æ–≥–æ —É—Ä–æ–≤–Ω—è –ø—Ä–µ–¥–ª–æ–∂–µ–Ω–∏—è –º–Ω–µ –ø–∏—Å–∞—Ç—å. –°–æ —Å–≤–æ–∏–º —è –±—ã –∑–∞–Ω–∏–º–∞–ª–∞—Å—å –ø–æ –¥—Ä—É–≥–æ–π —Å–∏—Å—Ç–µ–º–µ, –∏ —Å—Ç–∞–≤—è –≤ –ø—Ä–∏–æ—Ä–∏—Ç–µ—Ç –∑–Ω–∞–Ω–∏—è, –∞ –Ω–µ —Å–∫–æ—Ä–æ—Å—Ç—å –ø—Ä–æ—Ö–æ–∂–¥–µ–Ω–∏—è —à–∫–æ–ª—å–Ω–æ–π –ø—Ä–æ–≥—Ä–∞–º–º—ã."
41007,17993645521158920,"–° 3–º –º—ã —Ç—Ä–∏ –Ω–µ–¥–µ–ª–∏ –∫–∞–∂–¥—ã–π –≤–µ—á–µ—Ä –ª–µ–∂–∞–ª–∏ –∏ —Ç–∞–∫–∏–µ : ¬´ –Ω–µ–µ–µ–µ—Ç, —Ç–æ–ª—å–∫–æ –Ω–µ —Å–µ–π—á–∞—Å, –¥–∞–≤–∞–π –¥–Ω—ë–º! –ú—ã —Å–ø–∞—Ç—å —Ö–æ—Ç–∏–º¬ªüòÖü§¶üèª‚Äç‚ôÄÔ∏è –†–µ–∞–ª—å–Ω–æ —Ç—Ä–µ–Ω–∏—Ä–æ–≤–æ—á–Ω—ã–µ –∫–∞–ø–µ—Ü –∫–∞–∫–∏–º–∏ –±—ã–ª–∏. –î—É—à –∏ –≤–∏–±—É—Ä–∫–æ–ª-–Ω–æ—à–ø–∞ —Å –º–∞—Å—Å–∞–∂–µ–º –ø–æ—è—Å–Ω–∏—Ü—ã –ø—Ä–æ—è—Å–Ω—è–ª–∏ —Å–∏—Ç—É–∞—Ü–∏—é))) –ù–æ —Ä–µ–∞–ª—å–Ω–æ —Å—Ç–æ—è–ª–∞ –Ω—ã–ª–∞ –≤ –∫–æ–ª–µ–Ω–Ω–æ-–ª–æ–∫—Ç–µ–≤–æ–π"
18374,17924248477125150,"@mama_charodeika –∫–ª–∞—Å—Å, —Å–µ–π—á–∞—Å —Å—Ö–æ–∂—É –∫ –í–∞–º –ø–æ—á–∏—Ç–∞—é! –ò–Ω—Ç–µ—Ä–µ—Å–Ω–æ, –∞ —Å –∫–∞–∫–æ–≥–æ –≤–æ–∑—Ä–∞—Å—Ç–∞ —Å—Ç–∞–ª–∏ —Ö–æ–¥–∏—Ç—å –Ω–∞ ""–ë–∏–±–ª–∏–æ–Ω–æ—á–∏""? –Ø —Ç–∞–∫ –ø–æ–Ω–∏–º–∞—é, –∏ –≤–æ –≤–∑—Ä–æ—Å–ª—ã—Ö –±–∏–±–ª–∏–æ—Ç–µ–∫–∞—Ö –Ω–∞ —ç—Ç–æ–π –∞–∫—Ü–∏–∏ –¥–æ–≤–µ–ª–æ—Å—å –ø–æ–±—ã–≤–∞—Ç—å) –º—ã –ø–æ–∫–∞ –∫–æ–Ω–∫—Ä–µ—Ç–Ω–æ –≤ —ç—Ç–æ–º –≤–æ–ø—Ä–æ—Å–µ –Ω–æ–≤–∏—á–∫–∏, —Ç–∞–∫ —á—Ç–æ –≤—Å—ë –∏–Ω—Ç–µ—Ä–µ—Å–Ω–æ!"
31039,17963640169142276,"@katyaboston –±–ª–∏–Ω, –∞ —è –≤ –ª–∏—Ñ—Ç–µ –µ—Ö–∞–ª–∞ —Å —Ç–æ–±–æ–π –ö–∞—Ç—å, –≤ –ï–≤—Ä–∞–∑–∏–∏ –∏–∑ —Ä–µ—Å—Ç–æ—Ä–∞–Ω–∞ –û2,–∏ –í–∏—Ç–∞–ª—å—Å–æ–Ω —Å —Ç–æ–±–æ–π –±—ã–ª.. —Ç–∞–∫–æ–µ –Ω–µ–ª–æ–≤–∫–æ–µ —Å–æ—Å—Ç–æ—è–Ω–∏–µ –±—ã–ª–æ –≤—Å–µ 6 —ç—Ç–∞–∂–µ–π.. —è –ø–æ–¥—É–º–∞–ª–∞ –≥–æ—Å–ø–æ–¥–∏ , —è –µ—â—ë –º–µ–Ω—å—à–µ –ö–∞—Ç–∏ —Ä–æ—Å—Ç–æ–º... –Ω—É –∞ —Ç—ã –∫–æ–Ω–µ—á–Ω–æ —Ö—É–¥–µ–µ –≤ 100 —Ä–∞–∑üòÖüòÖüòÖ –∏ –¥—É–º–∞–ª–∞ –∑–¥–æ—Ä–æ–≤–∞—Ç—å—Å—è - –Ω–µ—Ç... —á—Ç–æ —ç—Ç–æ –∑–∞ —Ç—É–ø–Ω—è–∫ —Ç–∞–∫–æ–π –ª—é–¥–∏ –ª–æ–≤—è—Ç???)))"
58629,17844967510845464,"@teplo_i_vkusno  —Å–µ–π—á–∞—Å –æ–¥–Ω–æ–π-–æ—Ç–ª–∏—á–Ω–æ, –Ω–æ –≤–Ω—É—Ç—Ä–∏ –º–∞–∞–∞–ª–µ–Ω—å–∫–∏–π, –ø—Ä–æ—Ç–∏–≤–Ω—ã–π  –≥–æ–ª–æ—Å–æ–∫ –ø–∏—â–∏—Ç: ""–∞ –±—É–¥–µ—Ç –ª–∏ —Ç–µ–±–µ —Ö–æ—Ä–æ—à–æ –æ–¥–Ω–æ–π –≤ 60-70 –≥–æ–¥–∏–∫–æ–≤? –ê –Ω–µ –ø–æ–∂–∞–ª–µ–µ—à—å –ª–∏ —Ç—ã, —á—Ç–æ –Ω–µ —Å–æ–∑–¥–∞–ª–∞ —Å–µ–º—å—é/–¥–µ—Ç–µ–π –∏ —Ç–µ–ø–µ—Ä—å —É–º—Ä–µ—à—å –Ω–µ –æ—Å—Ç–∞–≤–∏–≤ —Å–ª–µ–¥–∞, —Å–∫–æ—Ä–µ–µ –Ω–∞—Å–ª–µ–¥–∏–≤ –ø–æ –∂–∏–∑–Ω–∏"".. —Ñ–∏–ª–æ—Å–æ—Ñ—Å–∫–∏–µ –º—ã—Å–ª–∏, –Ω–æ –º–µ—à–∞—é—Çüòê"
8973,17870786641166860,"–°–ø–∞—Å–∏–±–æ –∑–∞ —Å—Ç–∞—Ç—å—é!  –ú–æ–∏ —à–∫–æ–ª—å–Ω—ã–µ –≥–æ–¥—ã –Ω–∏–∫–∞–∫ –Ω–µ –æ—Ç—Ä–∞–∑–∏–ª–∏—Å—å –Ω–∞ –æ—Ç–Ω–æ—à–µ–Ω–∏—è—Ö —Å –º–∞–º–æ–π, –æ–Ω–∞ –∫–æ–Ω–µ—á–Ω–æ –∫–∞–∫ –∏ –≤—Å–µ –º–∞–º—ã –º–µ—á—Ç–∞–ª–∞ —á—Ç–æ –±—ã —è —É—á–∏–ª–∞—Å—å —Ö–æ—Ä–æ—à–æ, —Ç–µ–º –±–æ–ª–µ–µ  –≤ –µ—ë —Ç–∞–±–µ–ª—è—Ö –∏ –∞—Ç—Ç–µ—Å—Ç–∞—Ç–µ —Ç–æ–ª—å–∫–æ ""5"", –ø–æ –≤—Å–µ–º –ø—Ä–µ–¥–º–µ—Ç–∞–º. –ù–æ –æ–Ω–∞ –Ω–∏–∫–æ–≥–¥–∞ –Ω–µ –Ω–∞–ø—Ä—è–≥–∞–ª–∞ –º–µ–Ω—è –ø–æ —ç—Ç–æ–º—É –ø–æ–≤–æ–¥—É,  –Ω–∏ —Ä–∞–∑—É –Ω–µ –æ—Ç—Ä—É–≥–∞–ª–∞ –∑–∞ —Ç—Ä–æ–π–∫—É,  –∞ –µ—â—ë —É –º–µ–Ω—è –≤–æ 2–º –∫–ª–∞—Å—Å–µ –¥–∞–∂–µ –±—ã–ª –ö–û–õ!) –≤—Å–µ –∏–∑ –∑–∞ –ø–æ–≤–µ–¥–µ–Ω–∏—è.  –ú–∞–º–∞ –æ—á–µ–Ω—å —Å–º–µ—è–ª–∞—Å—å))) –∏ —è –∏–∑–æ –≤—Å–µ—Ö —Å–∏–ª –±—É–¥—É —Å—Ç–∞—Ä–∞—Ç—å—Å—è –Ω–µ —Ä—É–≥–∞—Ç—å –¥–µ—Ç–µ–π –∑–∞ –ø–ª–æ—Ö–∏–µ –æ—Ç–º–µ—Ç–∫–∏,  –∞ –±—É–¥—É –ø–æ–º–æ–≥–∞—Ç—å –ø–æ–ª—É—á–∞—Ç—å —Ö–æ—Ä–æ—à–∏–µ!"
28885,17908360585227496,"–î–ª—è —Ç–µ—Ö –∫—Ç–æ –≤–æ–∑–º—É—â–∞–µ—Ç—Å—è, —á—Ç–æ –ö–∞—Ç—è –æ—Ç –∂–∞–¥–Ω–æ—Å—Ç–∏ —Ö–æ—á–µ—Ç –º–æ—Ä–∞–ª—å–Ω—ã–π —É—â–µ—Ä–± –ø–æ–ª—É—á–∏—Ç—å. –ù–æ—Ä–º–∞–ª—å–Ω–æ —Ç–∞–∫, –¥–∞–∂–µ —Å—É–¥ –≤–æ–∑–º—É—Ç–∏–ª–æ, —á—Ç–æ —á–µ–ª–æ–≤–µ–∫ —É–∫—Ä–∞–ª, –∫–æ–≥–¥–∞ –ø–æ–π–º–∞–ª–∏ –æ—Ç–¥–∞–ª —Ç–æ–ª—å–∫–æ —Ç–æ —á—Ç–æ —É–∫—Ä–∞–ª, –∏ –í–°–ï. –ì–¥–µ –Ω–∞–∫–∞–∑–∞–Ω–∏–µ ? –ú–æ–∂–µ—Ç –ö–∞—Ç–µ –≤–æ–æ–±—â–µ –æ—Ç–∫–∞–∑–∞—Ç—å—Å—è –æ—Ç –≤–æ–∑–º–µ—â–µ–Ω–∏—è –º–æ—Ä–∞–ª—å–Ω–æ–≥–æ —É—â–µ—Ä–±–∞, –ø—É—Å—Ç—å —Å—Ä–æ–∫ –ø–æ–ª—É—á–∏—Ç –∏ –ø–æ–¥—É–º–∞–µ—Ç, —á—Ç–æ –∑–∞ –≤—Å–µ –Ω–∞–¥–æ –æ—Ç–≤–µ—á–∞—Ç—å. –ò —á—É–∂–æ–µ - —ç—Ç–æ –ß–£–ñ–û–ï. –ë—Ä–∞—Ç—å —á—É–∂–æ–µ - –Ω–µ–¥–æ–ø—É—Å—Ç–∏–º–æ, –Ω–µ –ø—Ä–∏ –∫–∞–∫–∏—Ö –æ–±—Å—Ç–æ—è—Ç–µ–ª—å—Å—Ç–≤–∞—Ö. –ê —Ç–æ —Ç–∞–∫ –≤—Å–µ —Å–µ–π—á–∞—Å –Ω–∞—á–Ω—É—Ç –≤–æ—Ä–æ–≤–∞—Ç—å, —É–≥–æ–Ω—è—Ç—å  –º–∞—à–∏–Ω—ã –∏ —Ç–¥. –û—Ç–¥–∞–≤–∞—Ç—å –µ—Å–ª–∏ –ø–æ–ø–∞–ª—Å—è –∏ –≤—Å–µ... –ü—É—Å—Ç—å –¥–∞–ª—å—à–µ –≥—É–ª—è–µ—Ç, –≤–æ—Ä—É–µ—Ç –∏ –Ω–µ –ø–∞—Ä–∏—Ç—Å—è."
435,17852511289062160,"@inna_q7 –Ω—É —Ç–µ–ª–µ–≤–∏–∑–æ—Ä—ã —ç—Ç–æ —è –º–æ–≥—É –ø–æ–Ω—è—Ç—å: —Ç–µ –∫—Ç–æ —Å–º–æ—Ç—Ä—è—Ç, –æ–Ω–∏ –ª—é–±—è—Ç —á—Ç–æ–±—ã –≤ –∫–∞–∂–¥–æ–π –∫–æ–º–Ω–∞—Ç–µ. –ü—Ä–æ –º–∏–∫—Ä–æ–≤–æ–ª–Ω–æ–≤–∫–∏ —Ç–æ–∂–µ: –º–µ–ª–∫—É—é —Ç–µ—Ö–Ω–∏–∫—É —è —á–∞—Å—Ç–æ –±–µ—Ä—É —Å–µ–±–µ, –º–∞–º–µ –∏  –∏–Ω–æ–≥–¥–∞ –¥–∞–∂–µ –º–∞–º–µ –º—É–∂–∞. –ï—Å–ª–∏ –∫–∞–∫–∞—è-—Ç–æ –º–æ–¥–µ–ª—å —Ö–æ—Ä–æ—à–∞—è –ø–æ–ø–∞–ª–∞—Å—å. –ù–æ –ø–ª–∏—Ç–∞!!!! –ï–µ —Ç–æ—á–Ω–æ –Ω–µ–≤–æ–∑–º–æ–∂–Ω–æ –≤–∑—è—Ç—å –≤ –∑–∞–ø–∞—Å üôà. –û–Ω–∞ –∂ –æ–≥—Ä–æ–º–Ω–∞—è! –ï–µ –∏ –ø–µ—Ä–µ–≤–µ–∑—Ç–∏, –∏ —Ö—Ä–∞–Ω–∏—Ç—å! –û–¥–Ω–∏ –ø—Ä–æ–±–ª–µ–º—ã."
58990,18119890543045430,"–ï–ª–µ–Ω–∞ –¥–æ–±—Ä—ã–π –¥–µ–Ω—å! –•–æ—á—É –ª–∏—á–Ω–æ –æ—Ç —Å–µ–±—è –ø–æ–±–ª–∞–≥–æ–¥–∞—Ä–∏—Ç—å –í–∞—Å –∑–∞ –≤—á–µ—Ä–∞—à–Ω–∏–π –ø—Ä–∞–∑–¥–Ω–∏–∫!!!–ú–Ω–µ –æ—á–µ–Ω—å –ø–æ–Ω—Ä–∞–≤–∏–ª–æ—Å—å,–°–∏–º–∞ –º–æ—è —Å—á–∞—Å—Ç–ª–∏–≤–∞ –∏ –¥–æ–≤–æ–ª—å–Ω–∞—è, –æ—á–µ–Ω—å —Ä–∞–¥–æ–≤–∞–ª–∞—Å—å!!!!–®–æ—É –¥–ª—è –¥–µ—Ç–æ–∫ –±—ã–ª–æ –Ω–∞ –≤—ã—Å—à–µ–º —É—Ä–æ–≤–Ω–µ,—ç—Ç–æ —Ä–µ–∞–ª—å–Ω–æ –∫—Ä—É—Ç–æ!!!–ó–∞ –ø–æ–¥–∞—Ä–∫–∏ —Å–ø–∞—Å–∏–±–æ –∞ —Å–∞–º–æ–µ –≥–ª–∞–≤–Ω–æ–µ —Ö–æ—á—É –ø–æ–∑–¥—Ä–∞–≤–∏—Ç—å –í–∞—Å —Å —Ç–∏—Ç—É–ª–æ–º –ü–æ—Å–æ–ª –ú–∏—Ä–∞,—ç—Ç–æ –≤—ã—Å–æ—á–∞–π—à–∞—è –Ω–∞–≥—Ä–∞–¥–∞ –≤—Å–µ–º—É —Ç–æ–º—É,—á—Ç–æ –í—ã –¥–µ–ª–∞–µ—Ç–µ!!!!–¢–∞–∫ –¥–µ—Ä–∂–∞—Ç—å –∏ –∂–µ–ª–∞—é –Ω–µ –æ—Å—Ç–∞–Ω–∞–≤–ª–∏–≤–∞—Ç—å—Å—è –Ω–∞ –¥–æ—Å—Ç–∏–≥–Ω—É—Ç–æ–º –∞ —Ç–æ–ª—å–∫–æ –≤–ø–µ—Ä—ë–¥!!!!–í—ã –æ—Ç–ª–∏—á–Ω—ã–π –ø—Ä–∏–º–µ—Ä –¥–ª—è –Ω–∞—à–∏—Ö –¥–µ—Ç–æ–∫üíêüíêüíê"
60704,18087163006086664,"–í—Å–µ–≥–¥–∞ –≤–µ—Ä–∏–ª–∞ –∏ –≤—Å–µ–≥–¥–∞ –∑–∞–≥–∞–¥—ã–≤–∞—é. –ù–æ –Ω–µ —Å–±—ã–≤–∞–ª–æ—Å—å –Ω–∏ —Ä–∞–∑—É, –≤–∏–¥–∏–º–æ –ø–æ—Ç–æ–º—É —á—Ç–æ –Ω–µ –ø—Ä–∞–≤–∏–ª—å–Ω–æ —Å—Ç—Ä–æ—é —Ñ—Ä–∞–∑—É. –ê –∫–∞–∫ –ø—Ä–∞–≤–∏–ª—å–Ω–æ –ø–æ–∫–∞ –∏ —Å–∞–º–∞ –Ω–µ –∑–Ω–∞—é. –û—á–µ–Ω—å —Ö–æ—á—É –∏—Å–ø—Ä–∞–≤–∏—Ç—å —Å–∏—Ç—É–∞—Ü–∏—é, —á—Ç–æ–±—ã –º–æ–∏ –º–µ—á—Ç—ã –Ω–∞–∫–æ–Ω–µ—Ü —Å—Ç–∞–ª–∏ –∏—Å–ø–æ–ª–Ω—è—Ç—å—Å—è. –í—ã —Ç–∞–∫–∞—è –º–æ–¥–æ–¥–µ—Ü, –≥–æ–≤–æ—Ä–∏—Ç–µ –∏ –ø–∏—à–∏—Ç–µ –ø—Ä–∞–≤–∏–ª—å–Ω—ã–µ –∏ –Ω—É–∂–Ω—ã–µ –≤–µ—â–∏!üëçüå∑–í—Å–µ–≥–¥–∞ —á–∏—Ç–∞—é –≤–∞—Å –∏ –∂–∏—Ç—å —Å—Ç–∞–Ω–æ–≤–∏—Ç—å—Å—è –ª–µ–≥—á–µ!‚ù§Ô∏è‚ù§Ô∏è‚ù§Ô∏è"
30722,18017326420214496,"–•–æ—Ç–µ–ª–∞ –±—ã –Ω–∞–ø–∏—Å–∞—Ç—å –æ –Ω–∞—à–µ–º –ø–µ–Ω—Å–∏–æ–Ω–Ω–æ–º —Ñ–æ–Ω–¥–µ –≤ –ì–æ—Ä—è—á–µ–º –ö–ª—é—á–µ –ö—Ä–∞—Å–Ω–æ–¥–∞—Ä—Å–∫–æ–≥–æ –∫—Ä–∞—è. –ú—ã —Å –º—É–∂–µ–º –ø—Ä–æ—Ä–∞–±–æ—Ç–∞–ª–∏ –≤—Å—é –∂–∏–∑–Ω—å –∏ –∫–æ–≥–¥–∞ –ø—Ä–∏—à–ª–∞ –ø–æ—Ä–∞ –Ω–∞ –ø–µ–Ω—Å–∏—é, –Ω–∞—Å —É–¥–∏–≤–∏–ª–∏ —Ä–∞–∑–º–µ—Ä–æ–º —ç—Ç–æ–π –ø–µ–Ω—Å–∏–∏ - —É –º–µ–Ω—è - 8000 —Å —Ö–≤–æ—Å—Ç–∏–∫–æ–º, –Ω—É —ç—Ç–æ –ª–∞–¥–Ω–æ, –∞ –≤–æ—Ç –º—É–∂—É –∑–∞—á–∏—Å–ª–∏–ª–∏... —Å—Ç—ã–¥–Ω–æ —Å–∫–∞–∑–∞—Ç—å - 6000—Ä. –ü–∏—Å–∞–ª–∞ –∏ –ø—Ä–µ–∑–∏–¥–µ–Ω—Ç—É, –Ω–æ –º–æ—ë –ø–∏—Å—å–º–æ –ø–æ–ø–∞–ª–æ –≤ –ø–µ–Ω—Å. —Ñ–æ–Ω–¥ –†–æ—Å—Å–∏–∏. –ò —á—Ç–æ? –û—Ç–ø–∏—Å–æ—á–∫–∞ –ø—Ä–∏—à–ª–∞: —Ä–∞–∑–æ–±—Ä–∞—Ç—å—Å—è –Ω–∞ –º–µ—Å—Ç–µ. –ù–∏–∫—Ç–æ, –µ—Å—Ç–µ—Å—Ç–≤–µ–Ω–Ω–æ –Ω–µ —Å—Ç–∞–ª —Ä–∞–∑–±–∏—Ä–∞—Ç—å—Å—è, —Ç–∞–∫ –∏ –ø–æ–ª—É—á–∞–µ—Ç 6000—Ä. –í–æ–ø—Ä–æ—Å: –∑–∞—á–µ–º –≤—Ä–∞—Ç—å –Ω–∞—Ä–æ–¥—É —á—Ç–æ —É –Ω–∞—Å –≤ —Å—Ç—Ä–∞–Ω–µ –º–∏–Ω–∏–º–∞–ª—å–Ω–∞—è –ø–µ–Ω—Å–∏—è 9000? –Ø –Ω–µ –≤–µ—Ä—é –≤ –Ω–∞—à–µ –ø—Ä–∞–≤–∏—Ç–µ–ª—å—Å—Ç–≤–æ."
13246,17889199948133520,"–ê–Ω—è, –∏ –≤ –¢–±–∏–ª–∏—Å–∏ –Ω–∞–π–¥—É—Ç—Å—è –Ω–µ–≤–∫—É—Å–Ω—ã–µ –º–µ—Å—Ç–∞. –ò–ª–∏ —ç—Ç–æ —è –∑–∞–∂—Ä–∞–ª–∞—Å—å üôà –∞ –≤–æ–æ–±—â–µ –º–Ω–µ –∫–∞–∂–µ—Ç—Å—è —Å–ª–æ–∂–Ω–æ –Ω–∞–π—Ç–∏ –∑–∞ –ø—Ä–µ–¥–µ–ª–∞–º–∏ –ì—Ä—É–∑–∏–∏ –≤–∫—É—Å–Ω—É—é –≥—Ä—É–∑–∏–Ω—Å–∫—É—é –∫—É—Ö–Ω—é, –¥–∞–∂–µ –µ—Å–ª–∏ –ø–æ–≤–∞—Ä –∏–∑ –ì—Ä—É–∑–∏–∏. –Ø –Ω–∞–º–µ—Ä–µ–Ω–Ω–æ –æ–±—Ö–æ–∂—É –≥—Ä—É–∑–∏–Ω—Å–∫–∏–µ —Ä–µ—Å—Ç–æ—Ä–∞–Ω—ã –≤ –ö–∏–µ–≤–µ –∏–ª–∏ –ê–ª–º–∞—Ç–µ, –ø—Ä–æ—Å—Ç–æ –Ω–µ –º–æ–≥—É —É–Ω—è—Ç—å –≤–æ–∑–º—É—â–µ–Ω–∏—è - –∫–∞–∞–∞–∞–∫-–∫–∞–∞–∞–∫ –º–æ–∂–Ω–æ —Ç–∞–∫ –ø—Ä–æ–¥—É–∫—Ç—ã –∏—Å–ø–æ—Ä—Ç–∏—Ç—å? üò¨"
12461,17907269017067644,"–ú–Ω–µ –æ—á–µ–Ω—å –Ω—Ä–∞–≤–∏—Ç—Å—è üòª –ï—Å—Ç—å –ø–æ–∂–µ–ª–∞–Ω–∏—è –∫ –ø—Ä–æ—Ñ–∏–ª—é, —Ö–æ—Ç–µ–ª–æ—Å—å –±—ã  –±–æ–ª—å—à–µ —Ñ–æ—Ç–æ —Ä–∞–±–æ—Ç –≤ –∫–∞—Ä—É—Å–µ–ª–∏, –∞ –µ—â—ë –ª—É—á—à–µ –≤–∏–¥–µ–æ –¥–æ –∏ –ø–æ—Å–ª–µ, –±—ã–ª–æ –±—ã –æ—á–µ–Ω—å —ç—Ñ—Ñ–µ–∫—Ç–Ω–æ)) –Ø –Ω–∞–ø—Ä–∏–º–µ—Ä –ª—é–±–ª—é —Å–º–æ—Ç—Ä–µ—Ç—å —Ç–∞–∫–∏–µ –≤–∏–¥–µ–æ, –≥–¥–µ –í–æ–ª–æ—Å—ã –≤ –¥–≤–∏–∂–µ–Ω–∏–∏, –µ—Å–ª–∏ —Ç–æ–ª—å–∫–æ –±—É–¥–µ—Ç —Ö–≤–∞—Ç–∞—Ç—å –Ω–∞ —ç—Ç–æ –≤—Ä–µ–º–µ–Ω–∏, –∑–Ω–∞—é, —É –≤–∞—Å –ø–ª–æ—Ç–Ω–∞—è –∑–∞–ø–∏—Å—å))"
16488,17856777439242112,"@natali.kaluga —Ç–∞–∫–æ–µ –±—ã–≤–∞–µ—Ç –≤ —Å—Ç—É–¥–∏—è—Ö, –∫–æ—Ç–æ—Ä—ã–µ –ø—Ä–µ–¥–ª–∞–≥–∞—é—Ç –¥–∏–∑–∞–π–Ω-–ø—Ä–æ–µ–∫—Ç –≤ –ø–æ–¥–∞—Ä–æ–∫ –∏–ª–∏ –ø–æ —Ü–µ–Ω–∞–º —Å–∏–ª—å–Ω–æ –Ω–∏–∂–µ —Ä—ã–Ω–∫–∞, –≤ —Ç–∞–∫–æ–º —Å–ª—É—á–∞–µ –æ–Ω–∏ –∑–∞—Ä–∞–±–∞—Ç—ã–≤–∞—é—Ç –∏–∑ –¥—Ä—É–≥–∏—Ö –∏—Å—Ç–æ—á–Ω–∏–∫–æ–≤, –∞ –Ω–µ –Ω–∞ –ø—Ä–æ–µ–∫—Ç–µ. –ë–µ—Å–ø–ª–∞—Ç–Ω—ã —Å—ã—Ä –±—ã–≤–∞–µ—Ç —Ç–æ–ª—å–∫–æ –≤ –º—ã—à–µ–ª–æ–≤–∫–µ. –ê –¥–æ–±—Ä–æ—Å–æ–≤–µ—Å—Ç–Ω–∞—è –∫–æ–º–ø–ª–µ–∫—Ç–∞—Ü–∏—è –æ–±—ä–µ–∫—Ç–∞ –æ—Å—É—â–µ—Å—Ç–≤–ª—è–µ—Ç—Å—è –ø–æ –¥–æ–≥–æ–≤–æ—Ä—É –∫–æ–º–ø–ª–µ–∫—Ç–∞—Ü–∏–∏ –∏ –≤—ã–≥–æ–¥–Ω–∞ –≤—Å–µ–º —É—á–∞—Å—Ç–≤—É—é—â–∏–º —Å—Ç–æ—Ä–æ–Ω–∞–º."
46273,17877778774474644,"@victoriamost —Å –Ω–∏—Ö –±—ã –∫—Ç–æ -—Ç–æ —Å –∫–æ—Å–∏–ª ,–ø—Ä–æ–≤–æ–¥—è—Ç —Å–≤–æ–∏ –∏—Å–ø—ã—Ç–∞–Ω–∏—è –Ω–∞ –¥–µ—Ç—è—Ö ,–ø–æ—á–µ–º—É —Ç–æ —Å–∞–º–∏ –º–µ–¥.—Ä–∞–±–æ—Ç–Ω–∏–∫–∏ –Ω–µ –ø—Ä–∏–≤–∏–≤–∞—é—Ç —Å–≤–æ–∏—Ö –¥–µ—Ç–µ–π –∏ –≤–Ω—É–∫–æ–≤ ,—Å–∞–º–∞ –ª–∏—á–Ω–æ —Å–ª—É—à–∞–ª–∞ —Ä–∞–∑–≥–æ–≤–æ—Ä –º–µ–¥.—Ä–∞–±–æ—Ç–Ω–∏–∫–∞ ,–Ω–æ –≤—Å–µ—Ö –≤ –æ–±—è–∑–∞–ª–æ–≤–∫—É –∑–∞—Å—Ç–∞–≤–ª—è—é—Ç ,—Ç—É—Ç –¥–≤–µ —Å—Ç–æ—Ä–æ–Ω—ã –º–µ–¥–∞–ª–∏ ,–µ—Å–ª–∏ –∏—Ö –∏ –¥–µ–ª–∞—Ç—å —Ç–æ –≤—Å–µ –Ω–æ—Ä–º—ã –¥–æ–ª–∂–Ω—ã –±—ã—Ç—å —Å–æ–±–ª—é–¥–µ–Ω—ã ,–∫—Ç–æ -—Ç–æ –¥–µ–ª–∞–µ—Ç —Å–≤–æ–∏–º –¥–µ—Ç—è–º ,–∞ –∫—Ç–æ -—Ç–æ –Ω–µ—Ç ,–∏ —Å –∫–∞–∫–æ–π —Å—Ç–∞—Ç–∏ –æ–Ω–∏ –¥–æ–ª–∂–Ω—ã –∫–æ—Å–∏—Ç—å –±–∞–±–∫–∏ ?–ó–∞–∫–æ–Ω–æ–º –Ω–∞–ø–∏—Å–∞–Ω–æ —ç—Ç–æ ?"
25489,17943995632141092,"–í—ã–±–æ—Ä —Ç–∏–ø–∞ –ø–∏—Ç–∞–Ω–∏—è –Ω–µ –≤—Å–µ–≥–¥–∞ –æ–±—É—Å–ª–æ–≤–ª–µ–Ω —ç—Ç–∏—á–µ—Å–∫–∏–º–∏ –Ω–æ—Ä–º–∞–º–∏ –∏–ª–∏ –ª–∏—á–Ω—ã–º–∏ –ø—Ä–µ–¥–ø–æ—á—Ç–µ–Ω–∏—è–º–∏, –∏–Ω–æ–≥–¥–∞ –µ—à—å —Ç–æ —á—Ç–æ –¥–æ–∫—Ç–æ—Ä –ø—Ä–æ–ø–∏—Å–∞–ª) —è –∑–∞ —Ç–æ —á—Ç–æ–±—ã –Ω–∏–∫–æ–≥–¥–∞ –Ω–µ –≥–æ–≤–æ—Ä–∏—Ç—å –Ω–∏–∫–æ–≥–¥–∞, –≤—Å—è–∫–æ–µ –º–æ–∂–µ—Ç –≤ –∂–∏–∑–Ω–∏ —Å–ª—É—á–∏—Ç—Å—è. –õ–∏—á–Ω–æ —Å–µ–±—è —è —Å—á–∏—Ç–∞—é –≤—Å–µ—è–¥–Ω–æ–π)) –ù–æ –ø—Ä–µ–¥–ø–æ—á–∏—Ç–∞—é - –æ–≤–æ—â–∏, —Ñ—Ä—É–∫—Ç—ã, –∫–∞—à–∏, –º–æ–ª–æ—á–∫—É."
18234,17913607936187424,"–°–∞–π—Ç –ø–æ–º–æ–≥–∞—Ç–µ–ª—å. –ù–æ —Ç–∞–º –º–Ω–æ–≥–æ –Ω–µ–∞–¥–µ–∫–≤–∞—Ç–∞, –Ω–æ –≤—Å—Ç—Ä–µ—á–∞—é—Ç—Å—è —Ö–æ—Ä–æ—à–∏–µ. –ö–æ–≥–¥–∞ —è –±—ã–ª–∞ —Å—Ç—É–¥–µ–Ω—Ç–∫–æ–π (18 –ª–µ—Ç), —Ç–æ —Ä–∞–±–æ—Ç–∞–ª–∞ –Ω—è–Ω–µ–π. –ú—ã –ø–æ–∑–Ω–∞–∫–æ–º–∏–ª–∏—Å—å –≤ —Ö—Ä–∞–º–µ (–∫—Ä–∏—à–Ω–∞–∏—Ç—Å–∫–æ–º –º–∞–º–∞–¥–æ—Ä–æ–≥–∞—è). –ò–Ω—Ç–µ—Ä–µ—Å–Ω—ã–π –æ–ø—ã—Ç –ø—Ä–æ–¥–ª–∏–ª—Å—è 3 –º–µ—Å—è—Ü–∞, –ø–æ—Ç–æ–º –æ–Ω–∏ —É–µ—Ö–∞–ª–∏, –∞ —è –Ω–µ –º–æ–≥–ª–∞ —Å –Ω–∏–º–∏. –í–µ–¥—å —É—á–∏–ª–∞—Å—å."
58513,18121000729027424,"–û–≥–æ!!! –ù–∞–¥–æ –±—É–¥–µ—Ç  –æ–±—è–∑–∞—Ç–µ–ª—å–Ω–æ —Ç–∞–º –ø–æ–±—ã–≤–∞—Ç—åüòçüòçüòç –û—á–µ–Ω—å –ª—é–±–ª—é –∫–∞–≤–∫–∞–∑—Å–∫—É—é –∫—É—Ö–Ω—é –∏ –∞—Ç–º–æ—Å—Ñ–µ—Ä—É —Ç–∞–∫—É—éüôèüèªüòª –ú—ã –≤–æ—Ç –≤ –ü–∏—Ç–µ—Ä–µ —Å —Å–µ–º—å–µ–π –∫–∞–∂–¥—ã–π –º–µ—Å—è—Ü,–∫—É–¥–∞-–Ω–∏–±—É–¥—å —Å—Ç–∞—Ä–∞–µ–º—Å—è –≤—ã—Ö–æ–¥–∏—Ç—å –≤ –Ω–æ–≤–æ–µ –º–µ—Å—Ç–µ—á–∫–æ,–∫–æ—Ç–æ—Ä–æ–µ —è –Ω–∞—Ö–æ–∂—É,—è –æ—á–µ–Ω—å –º–Ω–æ–≥–æ –≤–∫—É—Å–Ω—ã—Ö –º–µ—Å—Ç –∑–Ω–∞—é —É —Å–µ–±—è –≤ –≥–æ—Ä–æ–¥–µ –∏ –Ω–µ–æ–±—ã—á–Ω—ã—Öüî•"
12419,17899777912129780,"–°–æ–≥–ª–∞—Å–Ω–∞ —Å –ø—Ä–µ–¥—ã–¥—É—â–∏–º –º–Ω–µ–Ω–∏–µ–º,—á—Ç–æ –ø–æ –ø–µ—Ä–≤–æ—Å—Ç–∏ —Ç–∞–∫–∞—è —Ä–µ–∞–∫—Ü–∏—è.–í–æ—Ç –ø–æ—ç—Ç–æ–º—É –≤ –∂–∏–∑–Ω–∏ –Ω–µ–ª—å–∑—è –Ω–∏—á–µ–≥–æ –¥–µ–ª–∞—Ç—å –Ω–∞ —ç–º–æ—Ü–∏—è—Ö.–ü–æ—Ç–æ–º—É —á—Ç–æ –∫–æ–≥–¥–∞ —ç–º–æ—Ü–∏–∏ —É—Ö–æ–¥—è—Ç –∏ –æ—Å—Ç–∞–µ—Ç—Å—è –∑–¥—Ä–∞–≤—ã–π  —Å–º—ã—Å–ª,–Ω–∞ –º–Ω–æ–≥–æ–µ –Ω–∞—á–∏–Ω–∞–µ—à—å —Å–º–æ—Ç—Ä–µ—Ç—å –ø–æ –¥—Ä—É–≥–æ–º—É.–Ø —Å—á–∏—Ç–∞—é —á—Ç–æ –Ω–µ –Ω–∞–¥–æ –∏–¥—Ç–∏ –Ω–∞ –ø—Ä–æ–≤–æ–∫–∞—Ü–∏—é.–í–µ–¥—å –¥–ª—è –Ω–∞—Å  –Ω–µ–≤–∞–∂–Ω–æ –ø–æ–¥ –∫–∞–∫–∏–º —Ñ–ª–∞–≥–æ–º –±—É–¥—É—Ç –≤—ã—Å—Ç—É–ø–∞—Ç—å —Å–ø–æ—Ä—Ç—Å–º–µ–Ω—ã,–º—ã —Ç–æ –∏—Ö –∑–Ω–∞–µ–º –≤—Å–µ—Ö –Ω–∞–ª–∏—Ü–æ.–ò –∫–∞–∫ –±—ã –Ω–µ —Ö–æ—Ç–µ–ª–∏ —Å–ª–æ–º–∏—Ç—å –∏ –ø—Ä–æ–≥–Ω–∞—Ç—å –†–æ—Å—Å–∏—é-–ù–ò–ö–û–ì–î–ê –ò –ù–ò –£ –ö–û–ì–û —ç—Ç–æ –Ω–µ –ø–æ–ª—É—á–∏—Ç—Å—è.–†–æ—Å—Å–∏—è –æ—á–µ–Ω—å –º–Ω–æ–≥–æ–µ –ø–µ—Ä–µ–∂–∏–ª–∞ –∏ –æ—Ç —ç—Ç–æ–≥–æ –æ–Ω–∞ —Ç–æ–ª—å–∫–æ —Å—Ç–∞–Ω–æ–≤–∏—Ç—Å—è —Å–∏–ª—å–Ω–µ–µ.–ò –≤ —Ç–∞–∫–∏—Ö –≤–æ—Ç —Å–∏—Ç—É–∞—Ü–∏—è—Ö –Ω–∞—Ä–æ–¥ –Ω–∞—á–∏–Ω–∞–µ—Ç —Å–ø–ª–∞—á–∏–≤–∞—Ç—å—Å—è.–¢–∞–∫ —á—Ç–æ —Ç–æ–ª—å–∫–æ –≤–ø–µ—Ä—ë–¥ –∑–∞ –ø–æ–±–µ–¥–∞–º–∏."
2253,17847824926121912,"@leysansergeevna —è —ç—Ç–æ –Ω–∞–ø–∏—Å–∞–ª–∞ —Ç–æ–ª—å–∫–æ –∏—Å—Ö–æ–¥—è –∏–∑ –æ–±—â–µ–≥–æ —á–∏—Å–ª–∞ –∫–æ–º–º–µ–Ω—Ç–∞—Ä–∏–µ–≤ –≤ –æ—Å—É–∂–¥–µ–Ω–∏–µ –≤–µ–≥–∞–Ω–æ–≤. –í–æ –ø—Ä–µ–¥—Å—Ç–∞–≤–ª—è–µ—Ç–µ, —á–µ–ª–æ–≤–µ–∫ –ø—Ä–∏—à–µ–ª –∫ –≤–µ–ª–∏–∫–æ–π –∏–¥–µ–µ, –Ω–µ –µ—Å—Ç –º—è—Å–æ, –≤–µ—Ä–∏—Ç –≤ —Ç–æ, —á—Ç–æ –¥–µ–ª–∞–µ—Ç –¥–æ–±—Ä–æ. –ù–æ –Ω–∏–∫–æ–º—É –Ω–∏—á–µ–≥–æ –Ω–µ –Ω–∞–≤—è–∑—ã–≤–∞–µ—Ç. –ù–æ –∫–∞–∂–¥—ã–π –¥–µ–Ω—å –ª—é–¥–∏, —É–∑–Ω–∞–≤, —á—Ç–æ —á–µ–ª–æ–≤–µ–∫ –≤–µ–≥–∞–Ω, –Ω–∞—á–∏–Ω–∞—é—Ç –∑–∞–¥–∞–≤–∞—Ç—å –æ–¥–Ω–∏ –∏ —Ç–µ –∂–µ –≤–æ–ø—Ä–æ—Å—ã. –ù–∞ –ø—Ä–æ—Ç—è–∂–µ–Ω–∏–∏, –∫ –ø—Ä–∏–º–µ—Ä—É, 10 –ª–µ—Ç. –ò —É–∂–µ –Ω–µ —Ö–≤–∞—Ç–∞–µ—Ç —Ç–µ—Ä–ø–µ–Ω–∏—è –∏ —Å–∏–ª —á—Ç–æ-—Ç–æ –∫–æ–º—É-—Ç–æ –æ—Ç–≤–µ—á–∞—Ç—å. –ú–Ω–æ–≥–∏–µ –Ω–µ —Å–ø—Ä–∞–≤–ª—è—é—Ç—Å—è –∏ –ø–µ—Ä–µ—Ö–æ–¥—è—Ç –Ω–∞ —Ö–∞–º—Å—Ç–≤–æ. –ù–æ –Ω–µ —Ç–∞–∫—Ç–∏—á–Ω–æ –∂–µ —Å–ø—Ä–∞—à–∏–≤–∞—Ç—å –æ–± —ç—Ç–æ–º! –≠—Ç–æ —Ç–æ–∂–µ —Å–∞–º–æ–µ, —á—Ç–æ —Å–ø—Ä–æ—Å–∏—Ç—å —É –º–æ–ª–æ–¥–æ–π –ø–∞—Ä—ã: ""–∞ –∫–æ–≥–¥–∞ –≤—ã –ø–æ–∂–µ–Ω–∏—Ç–µ—Å—å?"", ""–∞ –ø–æ—á–µ–º—É –Ω–µ—Ç —É –≤–∞—Å –¥–µ—Ç–µ–π?"". –î–µ–π—Å—Ç–≤–∏—Ç–µ–ª—å–Ω–æ —É—Å—Ç–∞–µ—à—å –≤—Å–µ–º –¥–æ–∫–∞–∑—ã–≤–∞—Ç—å —Ç–æ, —á—Ç–æ –¥–ª—è –≤–µ–≥–∞–Ω–∞ –∫–∞–∂–µ—Ç—Å—è –∏—Å—Ç–∏–Ω–æ–π!!! –ò —Å–∫–æ–ª—å–∫–æ –æ—Å—É–∂–¥–µ–Ω–∏–π –≤ —Å–≤–æ–π –∞–¥—Ä–µ—Å —Å–ª—ã—à–∏—à—å –ø–æ—Ä–æ–π...–∫–∞–∫ –±—É–¥—Ç–æ —Ç—ã –Ω–µ –æ—Ç–∫–∞–∑–∞–ª—Å—è –æ—Ç —É–±–∏–π—Å—Ç–≤–∞ –∂–∏–≤–æ—Ç–Ω—ã—Ö, –∞, –Ω–∞–æ–±–æ—Ä–æ—Ç, –¥–µ–ª–∞–µ—à—å —á—Ç–æ-—Ç–æ –Ω–∞—Å—Ç–æ–ª—å–∫–æ —É–∂–∞—Å–Ω–æ–µ, —á—Ç–æ –Ω–µ —É–∫–ª–∞–¥—ã–≤–∞–µ—Ç—Å—è –≤ –≥–æ–ª–æ–≤–µ —É –¥—Ä—É–≥–∏—Ö –ª—é–¥–µ–π."
13448,17908487305073216,"–ú–æ–π —Ç–æ–∂–µ –≥–æ–≤–æ—Ä–∏—Ç, —á—Ç–æ –±—ã–ª–æ –≤—Å–µ –≤ —é–Ω–æ—Å—Ç–∏, –∞ –∂–µ–Ω–∏–ª—Å—è –≤ 22 –∏ —É–∂–µ 11 –ª–µ—ÇüòÖ –∞ –ø—Ä–æ –≥—Ä—É–ø–ø—É —Ä–∏—Å–∫–∞ - —É –Ω–∞—Å, –∫–∞–∫ –≥—Ä–æ–º —Å—Ä–µ–¥–∏ —è—Å–Ω–æ–≥–æ –Ω–µ–±–∞ –±—ã–ª–æ, –∫–æ–≥–¥–∞ 50 –ª–µ—Ç–Ω–µ–º—É –º—É–∂—É —Å–æ—Ç—Ä—É–¥–Ω–∏—Ü—ã –ø–æ—Å—Ç–∞–≤–∏–ª–∏ —Å–ø–∏–¥üò± –æ–Ω–∞ —Å–Ω–∞—á–∞–ª–∞ –Ω–µ –≤–µ—Ä–∏–ª–∞, –∞ –ø–æ—Ç–æ–º —Å—Ç–∞–ª–∏ –≥–æ–≤–æ—Ä–∏—Ç—å, —á—Ç–æ —É –∑—É–±–Ω–æ–≥–æ –∑–∞—Ä–∞–∑–∏–ª—Å—èü§´ –≤—Ä–æ–¥–µ –∏ –Ω–µ –≤ –≥—Ä—É–ø–ø–µ —Ä–∏—Å–∫–∞, –Ω–æ –∫–æ–≥–¥–∞ —Å–µ—Ä—å–µ–∑–Ω—ã–µ –ø—Ä–æ–±–ª–µ–º—ã —Å–æ –∑–¥–æ—Ä–æ–≤—å–µ–º –≤–æ–∑–Ω–∏–∫–∞—é—Ç, —Ç–æ —Å—Ç—Ä–µ–º–Ω–µ–Ω—å–∫–æ —Å—Ç–∞–Ω–æ–≤–∏—Ç—Å—è - –∫ –∫–æ—Å–º–µ—Ç–æ–ª–æ–≥–∞–º –∏ –∑—É–±–Ω—ã–º - —Ç–æ –º—ã —Ö–æ–¥–∏–ºüò•"
59834,17990151121286936,"–ü–æ—Å–ª–µ–¥–Ω–∏–µ –¥–Ω–∏ –±—ã–ª–∞ —Å–æ–≤—Å–µ–º —Ñ–∏–≥–æ–≤–æ. –ù–æ –æ–∫–∞–∑–∞–ª–æ—Å—å –¥–ª—è —Å—á–∞—Å—Ç—å—è –º–∞–ª–æ –Ω–∞–¥–æ! –ú—É–∂ –æ—Ç–≤—ë–∑ –≤ –º–∞–≥–∞–∑–∏–Ω –≤—á–µ—Ä–∞! –ö—É–ø–∏–ª–∞ —Å–µ–±–µ 4 –≤–µ—â–∏ –ø–æ —Ü–µ–Ω–µ 2 (–¥–≤–∞ –ø–ª–∞—Ç—å—è, —Ç–µ—Ä–Ω–∏–µ–º, –∫—É–¥–∞ –∂ –¥–æ–º–∞ –±–µ–∑ –Ω–∏—Ö üòÇ –∏ —Å–≤–∏—Ç–µ—Ä –æ–≤–µ—Ä—Å–∞–π–∑, –Ω–æ –Ω–æ–≤—ã–π!) –¥–µ—Ç—Å–∫–æ–≥–æ –∫—É—á—É –∫—É–ø–∏–ª–∏ –∏ —ë–ª–∫—É –≤ –æ–±–∏ –∑–∞ 1—Ç –∂–∏–≤—É—é –∏ –±–æ–ª—å—à—É—é –∏ –∫—Ä–∞—Å–∏–≤—É—é! –ò —Å–µ–≥–æ–¥–Ω—è –ø–æ–ø–µ—Ä–ª–æ! –§–æ—Ç–∫–∏ –≥–æ—Ç–æ–≤—ã! –ò –≤–æ—Ç —è —É–∂–µ –∫—Ä–∞—Å–∏–≤–æ –Ω–∞—Ä—è–¥–∏–ª–∞ —ë–ª–æ—á–∫—É —á–µ–º –±—ã–ª–æ: –º–∞–Ω–¥–∞—Ä–∏–Ω—ã, –¥–µ—Ç—Å–∫–∏–µ –∏–≥—Ä—É—à–∫–∏ –±–∏–±–∞–±–æ, —Ñ–æ—Ç–∫–∏, —à–∏—à–∫–∏ –∏ —è–±–ª–æ–∫–∏...–≤–∫–ª—é—á–∏–ª–∞ –Ω–∞–º —Å –¥–æ—á–∫–æ–π —Ä–æ–∂–¥–µ—Å—Ç–≤–µ–Ω—Å–∫–∏–µ –ø–µ—Å–µ–Ω–∫–∏! –°–æ–∑–¥–∞–ª–∞ –Ω–∞—Å—Ç—Ä–æ–π –∫–∞–∫ –º–æ–≥–ª–∞ üòâ"
38306,17922847417259626,"10 —Ñ–µ–≤—Ä–∞–ª—è –≤ –£—Ñ–µ –≤ –∑–¥–∞–Ω–∏–∏ –æ–ø–µ—Ä–Ω–æ–≥–æ —Ç–µ–∞—Ç—Ä–∞ –≤–∞—à –∫–æ–Ω—Ü–µ—Ä—Ç.... –ö–∞–∫ —Ç–æ–ª—å–∫–æ —É–≤–∏–¥–µ–ª–∞ –ê—Ñ–∏—à—É, —Å—Ä–∞–∑—É –∂–µ –ø—Ä–∏–æ–±—Ä–µ–ª–∞ –±–∏–ª–µ—Ç—ã, —ç—Ç–æ –±—É–¥–µ—Ç –º–æ–π –Ω–æ–≤–æ–≥–æ–¥–Ω–∏–π –ø–æ–¥–∞—Ä–æ–∫ –º—É–∂—É.... –ó–Ω–∞–π—Ç–µ, –≤ —ç—Ç–æ—Ç –¥–µ–Ω—å, –≤ —ç—Ç–æ—Ç —á–∞—Å, –≤ –∑–∞–ª–µ –±—É–¥—É —è,,, —è —Ç–∞–∫ —Ä–∞–¥–∞ —á—Ç–æ –∂–∏–≤—É —Å –≤–∞–º–∏ –≤ –æ–¥–Ω—É —ç–ø–æ—Ö—É, —Å–ª—É—à–∞—é –≤–∞—à –≥–æ–ª–æ—Å,,, –±–ª–∞–≥–æ–¥–∞—Ä—é –ø—Ä–æ–µ–∫—Ç –ì–æ–ª–æ—Å –∑–∞ –≤—Å—ë... –ó–¥–æ—Ä–æ–≤—å—è –≤–∞–º –∏ –±–æ–∂—å–µ–π –±–ª—Å–∞–≥–ª–¥–∞—Ç–∏üå∑üå∑üå∑"
1898,17846004118124668,"–ü—Ä–æ—Å—Ç–∏, —Å –ø—Ä–æ—à–µ–¥—à–∏–º ‚ù£‚ù£‚ù£‚ù£‚ù£‚ù£ –≤—Ä–µ–º–µ–Ω–∏ –Ω–µ—Ç —Å–æ–≤—Å–µ–º –±–µ–≥–∞—é –∫–∞–∫ –±–µ–ª–∫–∞, –≤–æ—Ç –≤–µ—á–µ—Ä–∞–º–∏ –≤—ã–±–∏—Ä–∞—é—Å—å –∏–Ω–æ–≥–¥–∞) —Å—á–∞—Å—Ç—å—è, –∫—Ä–µ–ø–∫–æ–π –∏ –¥–æ–ª–≥–æ–π –ª—é–±–≤–∏, –≤—ã –º–æ–π —ç—Ç–∞–ª–æ–Ω –æ—Ç–Ω–æ—à–µ–Ω–∏–π –≤ –ø–æ—Å–ª–µ–¥–Ω–∏–µ –≤—Ä–µ–º—è üòç –∑–¥–æ—Ä–æ–≤—å—è –∏ –º–æ–æ–æ—Ä–µ —É–ª—ã–±–æ–∫ üíÉüèºüôÉüôÉüôÉ —Ö–æ—Ç—è —è –∑–Ω–∞—é —á—Ç–æ —Ç—ã –∏ —Ç–∞–∫ –∫–∞–∂–¥—ã–π –¥–µ–Ω—å –¥–∞—Ä–∏—à—å —É–ª—ã–±–∫–∏ —Å–≤–æ–µ–º—É –º—É–∂—É, –≤–æ–æ–±—â–µ–º –æ–≥—Ä–æ–º–µ–Ω–Ω–æ–≥–æ —Å—á–∞—Å—Ç—å—è üòÄ‚ù§Ô∏è‚ù§Ô∏è‚ù§Ô∏è‚ù§Ô∏è‚ù§Ô∏è‚ù§Ô∏è‚ù§Ô∏è"
15401,17916980932079186,"@maria_mastere  –ú–æ–∂–µ—Ç –Ω–∞–º–æ—Ä–¥–Ω–∏–∫ –∏ –Ω–µ –≤—Å–µ–º –Ω–∞–¥–æ (—É –Ω–∞—Å —ç—Ç–æ –¥–ª—è —Å–∞–º–æ–∑–∞—â–∏—Ç—ã), –Ω–æ –ø–æ–≤–æ–¥–æ–∫ —Ç–æ—á–Ω–æ –≤—Å–µ–º. –°–æ–±–∞—á–Ω–∏–∫–∏ –¥–∞–∂–µ –Ω–µ –ø—Ä–µ–¥—Å—Ç–∞–≤–ª—è—é—Ç —Å–µ–±–µ —Å–∫–æ–ª—å–∫–æ –µ—Å—Ç—å –≤–∑—Ä–æ—Å–ª—ã—Ö –ª—é–¥–µ–π –∏ –¥–µ—Ç–µ–π, –∫–æ—Ç–æ—Ä—ã–µ –±–æ—è—Ç—Å—è —Å–æ–±–∞–∫. –ó–∞—á–µ–º –ø—Ä–æ–≤–æ—Ü–∏—Ä–æ–≤–∞—Ç—å —Å—Ç—Ä–∞—Ö–∏. –Ø –∏–Ω–æ–≥–¥–∞ –ø—Ä—è–º–æ –≤–∏–∂—É —É –ª—é–¥–µ–π –ø–∞–Ω–∏–∫—É –≤ –≥–ª–∞–∑–∞—Ö, –∫–æ–≥–¥–∞ –≤ –∏—Ö –Ω–∞–ø—Ä–∞–≤–ª–µ–Ω–∏–∏ —Å–æ–±–∞–∫–∞ –∏–¥—ë—Ç –∏–ª–∏ –µ—â—ë —Ö—É–∂–µ, –±–µ–∂–∏—Ç. –ë–æ–± —Ö–æ—Ç—å –∏ –ª—é–±–∏—Ç –ª—é–¥–µ–π, –Ω–æ –ª—é–¥–∏ –≤–µ–¥—å –æ–± —ç—Ç–æ–º –Ω–µ –∑–Ω–∞—é—Ç. ;-) –ú—ã —Ç—É—Ç —à–ª–∏ –ø–æ —Ç—Ä–æ—Ç—É–∞—Ä—É —É–∑–∫–æ–º—É, –ë–æ–± —Å –º–æ–µ–π –≤–Ω–µ—à–Ω–µ–π —Å—Ç–æ—Ä–æ–Ω—ã, –∞ —Å –≤–Ω—É—Ç—Ä–µ–Ω–Ω–µ–π –º–∞–ª—å—á–∏–∫ —Å –º–∞–º–æ–π. –¢–∞–∫ —ç—Ç–æ—Ç –º–∞–ª—å—á–∏–∫ —Ö–æ—Ç—å –∏ –Ω–µ –º–∞–ª–µ–Ω—å–∫–∏–π –±—ã–ª, –ª–µ—Ç 10-12, –Ω–æ –æ–Ω —Ç–∞–∫ –≤—Ü–µ–ø–∏–ª—Å—è –≤ –º–∞–º—É –≤ —Å—Ç—Ä–∞—Ö–µ, –∫–æ–≥–¥–∞ –º—ã –º–∏–º–æ –ø—Ä–æ—Ö–æ–¥–∏–ª–∏. –•–æ—Ç—å –∏ —è –±—ã–ª–∞ –º–µ–∂–¥—É –Ω–∏–º –∏ —Å–æ–±–∞–∫–æ–π, –∏ —Å–æ–±–∞–∫–∞ –º–∞–ª–µ–Ω—å–∫–∞—è –Ω–∞ –∫–æ—Ä–æ—Ç–∫–æ–º –ø–æ–≤–æ–¥–∫–µ, –Ω–æ —É–∂–∞—Å–Ω–æ –±–æ—è–ª—Å—è –Ω–∞—Å üò¨ –ñ–∞–ª—å, —á—Ç–æ –º–Ω–æ–≥–∏–µ –Ω–µ –∑–∞–¥—É–º—ã–≤–∞—é—Ç—Å—è –æ–± –æ–∫—Ä—É–∂–∞—é—â–∏—Ö ((("
14172,17905295422104124,"—Ç–æ–ª—å–∫–æ —Å–µ–π—á–∞—Å —É–≤–∏–¥–µ–ª–∞, —Å–∫–æ–ª—å–∫–æ –∂–µ —Å—Ç–æ—Ä–∏—Å –≤—ã –Ω–∞—Å–Ω–∏–º–∞–ª–∏!!!!! –¥–≤–∞ –º–æ–º–µ–Ω—Ç–∞ ... –≤ –æ–¥–Ω–æ–º —É–≤–∏–¥–µ–ª–∞, —á—Ç–æ —Ç—ã, –∑–∏—Ä–æ—á–∫–∞, –≤—Å–µ –∂–µ –±—ã–ª–∞ –Ω–µ –≤—ã—Å–ø–∞–≤—à–∞—è—Å—è!  –Ω–æ –ø–æ—Ç–æ–º —Ç—ã —Ç–∞–∫ –∏ –ø–æ–¥–ø–µ–≤–∞–ª–∞ , –∏ –ø–æ–¥—Ç–∞–Ω—Ü–æ–≤—ã–≤–∞–ª–∞, —á—Ç–æ –ø–æ–Ω—è–ª–∞ —è ... –≤—Å–µ –æ–∫!!!! –∞ –ø–æ—Ç–æ–º —É–≤–∏–¥–µ–ª–∞ –∫–æ—Ç–∏–∫–∞ —É –Ω–æ–≥ –Ω–∞ —É–ª–∏—Ü–µ... —Ç–∞–∫ –æ–Ω —Ç–µ–±—è –æ—Ç–º–µ—Ç–∏–ª, —á—Ç–æ —è –∑–∞–ø–µ—Ä–µ–∂–∏–≤–∞–ª–∞....... –Ω—É –∏ —á—Ç–æ, —Ç—ã —Ä–∞–∑–≤–µ —Å–ø–∞–ª–∞ –ø–æ –ø—Ä–∏–µ–∑–¥–µ –¥–æ–º–æ–π?  –ú–∞—Ä–∏—è –í–ª–∞–¥–∏–º–∏—Ä–æ–≤–Ω–∞! –±–µ—Ä–µ–≥–∏—Ç–µ —Å–µ–±—è!!!!!! –í—ã –Ω—É–∂–Ω—ã –Ω–∞–º –∂–∏–≤–∞—è, –∫—Ä–∞—Å–∏–≤–∞—è, —ç–Ω–µ—Ä–≥–∏—á–Ω–∞—è –∏ –∫ —Ç–æ–º—É –∂–µ –µ—â–µ –¥–æ–ª–≥–∏–µ-–¥–æ–ª–≥–∏–µ –≥–æ–¥—ã!!!!! –ª—é–±–ª—é!!!! —Ü–µ–ª—É—é—é—é!!!! –º–æ–ª—é—Å—å!!!!!"
41504,18006842563121988,"@mr_pofigister  –í—ã —á—Ç–æ –∑–∞–±—ã–ª–∏ –≤ –∫–∞–∫–æ–π —Å—Ç—Ä–∞–Ω–µ –∂–∏–≤—ë—Ç–µ?! –ù–µ —Å–ø—Ä–æ—Å–∏—à—å, –Ω–µ –ø–æ—Ç—Ä–µ–±—É–µ—à—å - –Ω–µ –¥–∞–¥—É—Ç! –ö–æ–Ω–µ—á–Ω–æ —ç—Ç–æ –∑–∞—Å–ª—É–≥–∞ –≥—É–±–µ—Ä–Ω–∞—Ç–æ—Ä–∞ - –ú–æ–ª–æ–¥–µ—Ü!!!! –í—ã —á—Ç–æ –∑–∞–±—ã–ª–∏ —Å–ª–æ–≤–∞ –ú–µ–¥–≤–µ–¥–µ–≤–∞ ""–¥–µ–Ω–µ–≥ –Ω–µ—Ç, –Ω–æ –≤—ã –¥–µ—Ä–∂–∏—Ç–µ—Å—å"". –ò–ª–∏ –í—ã –¥—É–º–∞–µ—Ç–µ, —á—Ç–æ –¥–µ–Ω–µ–≥ —Ç–æ–ª—å–∫–æ –Ω–µ—Ç –Ω–∞ –ø–µ–Ω—Å–∏–∏ –∏ –∑–∞—Ä–ø–ª–∞—Ç—ã!? ""–ù–µ—Ç –Ω–∏ –Ω–∞ —á—Ç–æ"", –∑–∞ –∏—Å–∫–ª—é—á–µ–Ω–∏–µ–º –ú–æ—Å–∫–≤—ã! –†–æ—Å—Å–∏—è –∂–µ –°–∏—Ä–∏–∏ –ø–æ–º–æ–≥–∞–µ—Ç. –ò –æ—á–µ–Ω—å —Ö–æ—Ä–æ—à–æ, —á—Ç–æ –í–æ—Å–∫—Ä–µ—Å–µ–Ω—Å–∫–∏–π —Ç—Ä–µ–±—É–µ—Ç –∏ —á—Ç–æ-—Ç–æ –¥–µ–ª–∞–µ—Ç –¥–ª—è –≥–æ—Ä–æ–¥–∞ –∏ –æ–±–ª–∞—Å—Ç–∏. –ü–æ—Å–º–æ—Ç—Ä–∏—Ç–µ –Ω–∞ –¥—Ä—É–≥–∏–µ —Ä–µ–≥–∏–æ–Ω—ã, –≥–¥–µ –≥—É–±–µ—Ä–Ω–∞—Ç–æ—Ä—ã ""–∫–≤–∞—à–Ω—è –∫–≤–∞—à–Ω–µ–π"" - –æ–Ω–∏ –≤ –¥—ã—Ä–µ –∏ –≤ –∂...–µ!"
49159,18114707596006060,"@andranik_bakinsky –∞ –æ–Ω–∏ –æ–± —ç—Ç–æ–º —É–¥–æ–±–Ω–æ –∑–∞–±—ã–≤–∞—é—Ç üòÇüòÇüòÇüòÇüòÇüòÇ —ç—Ç–æ –≤–æ–±—â–µ —á–µ—Ä—Ç–∞ —Ç–∞–∫–∏—Ö –≤–æ—Ç —Å–æ–≤–∫–æ–¥—Ä–æ—á–µ—Ä–æ–≤, –ø–æ–º–Ω–∏—Ç—å —Ç–æ–ª—å–∫–æ —Ö–æ—Ä–æ—à–µ–µ (–Ω–∏–∫–æ–≥–¥–∞ —ç—Ç–æ —Ö–æ—Ä–æ—à–µ–µ –Ω–µ —Å—Ä–∞–≤–Ω–∏–≤–∞—è —Å —Ç–µ–º —á—Ç–æ –±—ã–ª–æ –∑–∞ —Å—Ç–µ–Ω–æ–π) –∏ –Ω–µ –≤—Å–ø–æ–º–∏–Ω–∞—Ç—å –ø–ª–æ—Ö–æ–µ. –¢–∞–∫ –∂–µ –∫–∞–∫ –Ω–µ –ø–æ–Ω–∏–º–∞—Ç—å, —á—Ç–æ —á—Ç–æ-—Ç–æ —Ö–æ—Ä–æ—à–µ–µ, —Ç–∞–∫ —ç–ø–∏—á–Ω–æ –Ω–µ —Ä–∞–∑–≤–∞–ª–∏–≤–∞–µ—Ç—Å—èü§∑‚Äç‚ôÇÔ∏è"
9714,17875822267149652,"–ü–æ–Ω—è—Ç–∏–µ –∫—Ä–∞—Å–æ—Ç—ã-–æ—á–µ–Ω—å –æ—Ç–Ω–æ—Å–∏—Ç–µ–ª—å–Ω–∞—è –≤–µ—â—å))–ù–æ –µ—Å–ª–∏ –¥–µ–≤—É—à–∫–∞,–∂–µ–Ω—â–∏–Ω–∞ –∏–ª–∏ –¥–µ–≤–æ—á–∫–∞ –≤—ã–¥–µ–ª—è—é—Ç—Å—è —Å—Ä–µ–¥–∏ –¥—Ä—É–≥–∏—Ö —Ç–∞–∫–∏–º–∏ –≤–Ω–µ—à–Ω–∏–º–∏ –¥–∞–Ω–Ω—ã–º–∏,–∫–∞–∫ –∫—Ä–∞—Å–æ—Ç–∞ –≥–ª–∞–∑,—É–ª—ã–±–∫–∞,–ø—Ä–∞–≤–∏–ª—å–Ω—ã–µ —á–µ—Ä—Ç—ã –ª–∏—Ü–∞,—Ö–∞—Ä–∏–∑–º–∞(–µ—Å–ª–∏ –≤—Å–µ —ç—Ç–æ –≤ —Å–æ–≤–æ–∫—É–ø–µ),—Ç–æ —è –Ω–µ–ø—Ä–µ–º–µ–Ω–Ω–æ —Å–∫–∞–∂—É –æ–± —ç—Ç–æ–º –≤ –ª–∏—Ü–æ:)–í—Å–µ–≥–¥–∞ –≤–æ—Å—Ö–∏—â–∞–ª–∞—Å—å –¥—Ä—É–≥–æ–π –∫—Ä–∞—Å–æ—Ç–æ–π))–ù–æ –∫–∞–∫ –ø—Ä–∞–≤–∏–ª–æ-–º–∞–ª–æ –∫—Ç–æ –æ–± —ç—Ç–æ–º –º–æ–∂–µ—Ç —Å–∫–∞–∑–∞—Ç—å —á–µ–ª–æ–≤–µ–∫—É —Å —á–∏—Å—Ç–æ–π –¥—É—à–æ–π)–ö—Å—Ç–∞—Ç–∏ –Ω–∞ —Ñ–æ—Ç–æ —è –≤–∏–∂—É –¥–≤—É—Ö –æ–±–≤–æ—Ä–æ–∂–∏—Ç–µ–ª—å–Ω—ã—Ö –ª–µ–¥–∏)‚ù§"
6444,17885598223056164,"–í —á–µ—Ç—ã—Ä–Ω–∞–¥—Ü–∞—Ç—å –ª–µ—Ç –ø–æ—Å–º–æ—Ç—Ä–µ–ª–∞ —Ñ–∏–ª—å–º ""–ñ–µ–Ω—è, –ñ–µ–Ω–µ—á–∫–∞ –∏ –ö–∞—Ç—é—à–∞"". –í—ã—à–ª–∞ –ø–æ—Ç—Ä—è—Å–µ–Ω–Ω–∞—è, —à–ª–∞ –¥–æ–º–æ–π –µ–ª–µ —Å–¥–µ—Ä–∂–∏–≤–∞—è —Ä—ã–¥–∞–Ω–∏—è. –í—ã—Ä–æ—Å–ª–∏ –¥–µ—Ç–∏. –ü—Ä–∏—Ö–æ–∂—É –¥–æ–º–æ–π, –º–æ–π –º–ª–∞–¥—à–∏–π —Å—ã–Ω. –µ–º—É –±—ã–ª–æ –¥–≤–∞–¥—Ü–∞—Ç—å –ª–µ—Ç, —Ö–æ–¥–∏—Ç –ø–æ—Ç–µ—Ä—è–Ω–Ω—ã–π –ø–æ –∫–≤–∞—Ä—Ç–∏—Ä–µ, –≤–∏–∂—É –æ—á–µ–Ω—å –ø–µ—Ä–µ–∂–∏–≤–∞–µ—Ç. –û–∫–∞–∑—ã–≤–∞–µ—Ç—Å—è –ø–æ—Å–º–æ—Ç—Ä–µ–ª –ø–æ —Ç–µ–ª–µ–≤–∏–∑–æ—Ä—É —ç—Ç–æ—Ç —Ñ–∏–ª—å–º –∏ –Ω–µ –º–æ–∂–µ—Ç —É—Å–ø–æ–∫–æ–∏—Ç—å—Å—è. –í–æ–ª—à–µ–±–Ω–∞—è —Å–∏–ª–∞ –∏—Å–∫—É—Å—Å—Ç–≤–∞!"
24247,17938411327132858,"–ù–µ –º–æ–≥—É –±–µ–∑ –º–∞—Ç–∞, –∏–∑–≤–∏–Ω—è–π—Ç–µ! –ú–æ–π –∑–Ω–∞–∫–æ–º—ã–π —Ç–∞–∫ —Å—Ç–∞–ª —ç–∫—Å—Ç—Ä–µ–º–∏—Å—Ç–æ–º, –∑–∞ —Ä–µ–ø–æ—Å—Ç –≤–∫ –∫–∞–∫–æ–π —Ç–æ –±–µ–∑–æ–±–∏–¥–Ω–æ–π —Ö–µ—Ä–Ω–∏, –µ—â–µ –∏ –∑–∞–Ω–µ—Å–µ–Ω –≤ —Å–ø–∏—Å–æ–∫ –ø—Ä–æ—Å—Ç–∏ –≥–æ—Å–ø–æ–¥–∏ —Ç–µ—Ä—Ä–æ—Ä–∏—Å—Ç–æ–≤! –î–∞–ª–∏ –≥–æ–¥ —É—Å–ª–æ–≤–Ω–æ, —Ö–æ—Ç—è –æ–Ω —Ä–∞—Å—Å—á–∏—Ç—ã–≤–∞–ª —à—Ç—Ä–∞—Ñ–æ–º –æ—Ç–¥–µ–ª–∞—Ç—å—Å—è. –°–±–µ—Ä –∑–∞–±–ª–æ—á–∏–ª –∫–∞—Ä—Ç—É, –Ω–µ –¥–∞—é—Ç —Å–Ω—è—Ç—å –æ—Å—Ç–∞–≤—à–∏–µ—Å—è –¥–µ–Ω—å–≥–∏. –ú–æ–ª–æ–¥–æ–π –ø–∞—Ä–µ–Ω—å, —Å–ø–æ—Ä—Ç—Å–º–µ–Ω - –≤–µ—á–Ω–æ –≤ –∫–∞—á–∞–ª–∫–µ, —Ä–∞–±–æ—Ç–∞–ª –Ω–∞ –∑–∞–≤–æ–¥–µ. –û—Ç—Ç—É–¥–∞, –∫—Å—Ç–∞—Ç–∏, —Å—Ä–∞–∑—É —É–≤–æ–ª–∏–ª–∏. –ß—Ç–æ –±–ª—è—Ç—å –ø—Ä–æ–∏—Å—Ö–æ–¥–∏—Ç –≤ —Å—Ç—Ä–∞–Ω–µ???"
4089,17864367118108628,"@zabava44 —è –≤–æ–æ–±—â–µ —Ç–æ–∂–µ –∑–∞ –æ–¥–µ–∂–¥—É –ø–æ–¥ –Ω–∞—Å—Ç—Ä–æ–µ–Ω–∏–µ, –∞ –Ω–µ –ø–æ–¥ –º–æ–¥—É ...–Ω–æ –≤—Å–µ —Ä–∞–≤–Ω–æ —Å–∫–∞–∂–µ–º —Ç–∞–∫ –æ–±—â–∏—Ö —Ç–µ–Ω–¥–µ–Ω—Ü–∏–π –ø—Ä–∏—Ö–æ–¥–∏—Ç—å—Å—è –ø—Ä–∏–¥–µ—Ä–∂–∏–≤–∞—Ç—å—Å—è –∫–∞–∫ –º–∏–Ω–∏–º—É–º –∏–∑ –∑–∞ —Ç–æ–≥–æ,—á—Ç–æ –≤ –º–∞–≥–∞–∑–∏–Ω–∞—Ö –ø—Ä–æ–¥–∞—ë—Ç—Å—è –º–∞–∫—Å–∏–º–∞–ª—å–Ω–æ –∞–∫—Ç—É–∞–ª—å–Ω–∞—è —Å–µ–π—á–∞—Å –æ–¥–µ–∂–¥–∞,–ø–æ–ª—å–∑—É—é—â–∞—è—Å—è —Å–ø—Ä–æ—Å–æ–º.–ò –≤–æ—Ç –ø—Ä–∏—Ö–æ–¥–∏—à—å —Ç—ã –≤ –º–∞–≥–∞–∑–∏–Ω —É—Å–ª–æ–≤–Ω–æ –≤ –ø–æ–∏—Å–∫–∞—Ö —é–±–∫–∏ –∫–∞—Ä–∞–Ω–¥–∞—à-–∞ –Ω–∞ —Ç–µ–±—è —Å–æ –≤—Å–µ—Ö –ø–æ–ª–æ–∫ –¥—Ä–∞–Ω—ã–µ —à—Ç–∞–Ω—ã,—à–∏—Ä–æ–∫–∏–µ –±–µ—Å—Ñ–æ—Ä–º–µ–Ω–Ω—ã–µ –∫–æ—Ñ—Ç—ã –∏ –ø—Ä–æ—á–µ–µ –ø—Ä–æ—á–µ–µ )))"
31005,17959976569178870,"@baty1458 –≤ —Å–æ–≤–∫—Ç—Å–∫–æ–µ –≤—Ä–µ–º—è –±—ã–ª–∏ –ø—Ä–æ—è–≤–æ—á–Ω—ã–µ —Ö–∏–º–∏–∫–∞—Ç—ã –∏ –Ω–µ–Ω–∞—Ç–∏–≤—ã. –≠—Ç–æ –Ω–µ –ø—Ä–µ–¥–æ–±—Ä–∞–±–æ—Ç–∫–∞!? –Ø –ø–æ–º–Ω—é –∫–∞–∫ –º–æ–π –ø–∞–ø–∞ —Å–∏–¥–µ–ª, –≤ –≤–∞–Ω–Ω–æ–π —Å –∫—Ä–∞—Å–Ω–æ–π –ª–∞–º–ø–æ—á–∫–æ–π —Å —Ç–∞–∑–∏–∫–∞–º–∏, –≤ –∫–æ—Ç–æ—Ä—ã—Ö –±—ã–ª–∞ –∂–∏–¥–∫–æ—Å—Ç—å –ø—Ä–æ—è–≤–ª—è—é—â–∞—è –Ω–∞ —Ñ–æ—Ç–æ–±—É–º–∞–≥–µ –∏–∑–æ–±—Ä–∞–∂–µ–Ω–∏—è. –ß—É—Ç—å –Ω–µ –¥–æ–¥–µ—Ä–∂–∏—à—å/–ø–µ—Ä–µ–¥–µ—Ä–∂–∏—à—å ‚Äî —Ñ–æ—Ç–æ –≤ –º—É—Å–æ—Ä–Ω–æ–µ –≤–µ–¥—Ä–æ... –¢—É—Ç –∂–µ –∏ –∫–∞–¥—Ä–∏—Ä–æ–≤–∞–ª–∏—Å—å –∫–∞–¥—Ä—ã. –≠—Ç–æ –ø–æ –í–∞—à–µ–º—É –Ω–µ –æ–±—Ä–∞–±–æ—Ç–∫–∞? –í –Ω–∞—à –≤–µ–∫ –≤—Å—ë —ç—Ç–æ —É–ø—Ä–æ—â–µ–Ω–æ –≤ –≤–∏–¥–µ —Ñ–æ—Ç–æ—Ä–µ–¥–∞–∫—Ç–æ—Ä–æ–≤."
44960,17877420013461548,"–°–µ–≥–æ–¥–Ω—è –≤–µ—á–µ—Ä–æ–º –ø–æ—Å–ª–µ –≤—Å–µ—Ö –∞–≤–∞—Ä–∏–π –≤ –†–µ—É—Ç–æ–≤–æ –µ—Ö–∞–ª–∞ –ø–æ –Ω–∞—à–µ–π –ñ–µ–ª–µ–∑–∫–µ, –µ–∑–∂—É –∞–∫–∫—É—Ä–∞—Ç–Ω–æ, —Ç–∞–∫ –∫–∞–∫ –≤–æ–∂—É –¥–µ—Ç–µ–π –∏ —Å–µ–≥–æ–¥–Ω—è –ø–æ–¥ –≤–ø–µ—á–∞—Ç–ª–µ–Ω–∏–µ–º –æ—Ç —ç—Ç–æ–π –∞–≤–∞—Ä–∏–∏... –≤–æ–¥–∏—Ç–µ–ª–µ–π –∂–∞–ª–∫–æ, –æ–±–æ–∏—Ö, –∫—Ç–æ –∏–∑–Ω–∞—á–∞–ª—å–Ω–æ –∑–∞—Ü–µ–ø–∏–ª –≤—ã–ª–µ—Ç–µ–≤—à–µ–≥–æ —Å–æ –≤—Å—Ç—Ä–µ—á–∫–∏ –∫ –Ω–µ–º—É –ø–æ–¥ –∫–æ–ª—ë—Å–∞ –ø–µ—à–µ—Ö–æ–¥–∞ –∏ —Ç–æ–≥–æ –∫–æ–º—É —É–∂–µ —Ç–µ–ª–æ –ø—Ä–∏–ª–µ—Ç–µ–ª–æ –ø–æ–¥ –∫–æ–ª—ë—Å–∞... –∏ –¥–∞–∂–µ –µ—Å–ª–∏ –æ–Ω–∏ –Ω–µ –≤–∏–Ω–æ–≤–∞—Ç—ã, –ø–æ –Ω–∞—à–∏–º –∑–∞–∫–æ–Ω–∞–º –≥—Ä–æ–∑–∏—Ç —Å—Ç–∞—Ç—å—è –∑–∞ –Ω–µ–ø—Ä–µ–¥—É–º—ã—à–ª–µ–Ω–Ω–æ–µ.. –∞ —É –Ω–∏—Ö —Å–µ–º—å–∏ –∏ –¥–µ—Ç–∏ –º–æ–∂–µ—Ç –±—ã—Ç—å.. –≤–æ—Ç —Ç—É—Ç –ø–∏—à—É—Ç –ø—Ä–æ —Å–∫–æ—Ä–æ—Å—Ç—å, —Å–º–µ—à–Ω–æ, –µ—Å–ª–∏ –≤—ã –µ–∑–¥–∏—Ç–µ —Ç–∞–º –ø–æ —É—Ç—Ä–∞–º, —Ç–æ –∑–Ω–∞–µ—Ç–µ, —á—Ç–æ –ø—Ä–µ–¥–µ–ª—å–Ω–æ –¥–æ–ø—É—Å—Ç–∏–º—É—é —Ç–∞–º –ø—Ä–µ–≤—ã—Å–∏—Ç—å —Å–ª–æ–∂–Ω–æ –≤ —ç—Ç–æ –≤—Ä–µ–º—è... –¢–∞–∫ –≤–æ—Ç –ø—Ä–æ –Ω–∞—à –ñ–µ–ª–¥–æ—Ä.. —Å–µ–≥–æ–¥–Ω—è –Ω–∞ –ì–ª–∞–≤–Ω–æ–π –ø–æ–∫–∞ —è –µ—Ö–∞–ª–∞ –≤–µ—á–µ—Ä–æ–º –æ—Ç 1 –¥–æ 6 —É–ª–∏—Ü—ã –º–Ω–µ –ø–æ–¥ –∫–æ–ª—ë—Å–∞ –≤—ã–ø—Ä—ã–≥–Ω—É–ª–∞ 1 –º–∞–º–∞—à–∞ —Ç–æ–ª–∫–∞—é—â–∞—è –ü–ï–†–ï–î —Å–æ–±–æ–π –∫–æ–ª—è—Å–∫—É –∏ –ø–æ–¥—Ä–æ—Å—Ç–æ–∫ –≤ –Ω–∞—É—à–Ω–∏–∫–∞—Ö.. —è –µ—Ö–∞–ª–∞ –æ–∫–æ–ª–æ 40 –∫–º/—á, —Ç–æ –µ—Å—Ç—å –Ω–∏–∂–µ –ø–æ–ª–æ–∂–µ–Ω–Ω–æ–π —Å–∫–æ—Ä–æ—Å—Ç–∏ –Ω–∞ 20 –∫–º, –Ω–æ –¥–≤–∞–∂–¥—ã –ø—Ä–∏—à–ª–æ—Å—å  –≤—ã—Ä—É–ª–∏–≤–∞—Ç—å –Ω–∞ –≤—Å—Ç—Ä–µ—á–∫—É —á—Ç–æ–±—ã –Ω–µ —Å–Ω–µ—Å—Ç–∏ –∏—Ö.. –∏ –ø–µ—à–µ—Ö–æ–¥–Ω–æ–≥–æ —Ç–∞–º —Ä—è–¥–æ–º –∏ –Ω–µ –±—ã–ª–æ. –¢–∞–∫ –∏ —Ö–æ—Ç–µ–ª–æ—Å—å –∑–∞–æ—Ä–∞—Ç—å : –°–£–ö–ò –µ—Å–ª–∏ –Ω–∞ —Å–≤–æ–∏ –∂–∏–∑–Ω–∏ –Ω–∞—Å—Ä–∞—Ç—å, –¥—Ä—É–≥–∏—Ö –ø–æ–∂–∞–ª–µ–π—Ç–µ! –ò–∑–≤–∏–Ω–∏—Ç–µ —É–∂ –∑–∞ –æ—Ç–∫—Ä–æ–≤–µ–Ω–Ω–æ—Å—Ç—å –∏ –≥—Ä—É–±–æ—Å—Ç—å!  –û—Ç–¥–µ–ª—å–Ω—ã–π –º–æ–º–µ–Ω—Ç –±—ã–ª –∫–æ–≥–¥–∞ –Ω–∞–ø—Ä–æ—Ç–∏–≤ –û–ª—å–≥–∏–Ω–æ –ü–∞—Ä–∫–∞ –∫–∞–∫ —Ç–∞—Ä–∞–∫–∞–Ω—ã —Ä–æ–¥–∏—Ç–µ–ª–∏ —Å –¥–µ—Ç—å–º–∏ –Ω–µ –æ–≥–ª—è–¥—ã–≤–∞—è—Å—å –Ω–∞ –º–∞—à–∏–Ω—ã —Å–Ω—É—é—Ç –Ω–∞–ø—Ä–æ—Ç–∏–≤ –≤ –ü—è—Ç–µ—Ä–∫—É –∏ –ú–∞–≥–Ω–∏—Ç. üôà —É –≤–∞—Å –ø–µ—Ä–µ—Ö–æ–¥ –≤ 30 –º–µ—Ç—Ä–∞—Ö, –ø–µ—Ä–µ–ª–æ–º–∏—Ç–µ—Å—å –¥–æ–π—Ç–∏?!! –í —Å–∞–º—ã–π –ø–∏–∫ –∫–æ–≥–¥–∞ –ø–æ—Ç–æ–∫ –µ–¥–µ—Ç —Å —Ä–∞–±–æ—Ç—ã –í—ã –æ —á–µ–º –¥—É–º–∞–µ—Ç–µ ? –î–µ—Ç–µ–π –Ω–µ –∂–∞–ª–∫–æ ?!"
15147,18026852614194216,"–î–æ–±—Ä—ã–π –¥–µ–Ω—å. –ö–∞–∫ —Ä–∞–¥ –≤—á–µ—Ä–∞ —Å—Ç–∞–ª–∫–Ω—É–ª–æ—Å—å —Å —Å–∏—Ç—É–∞—Ü–∏–µ–π:—è —Å–∏–¥–µ–ª–∞ –≤ –¥–µ–∫—Ä–µ—Ç–µ 6 –ª–µ—Ç, –≤—ã—Ö–æ–¥ –Ω–∞ —Ä–∞–±–æ—Ç—É –ø—Ä–µ–¥—Å—Ç–æ–∏—Ç 26 –∞–≤–≥—É—Å—Ç–∞, –Ω–æ —É –Ω–∞—Å –Ω–æ–≤–∞—è –±–µ—Ä–µ–º–µ–Ω–Ω–æ—Å—Ç—å –∏ –Ω–∞ –º–æ–º–µ–Ω—Ç –≤—ã—Ö–æ–¥–∞ –±—É–¥–µ—Ç —Å—Ä–æ–∫ –¥–æ–ø—É—Å—Ç–∏–º 20 –Ω–µ–¥–µ–ª—å. –ú–Ω–µ —Å–∫–∞–∑–∞–ª–∏ —Å–º—ã—Å–ª–∞ —Ç–≤–æ–µ–≥–æ –≤—ã—Ö–æ–¥–∞ –Ω–µ—Ç, –Ω—É–∂–Ω–æ –ø–∏—Å–∞—Ç—å –∑–∞—è–≤–ª–µ–Ω–∏–µ –Ω–∞ —É–≤–æ–ª—å–Ω–µ–Ω–∏–µüôÑ—è –ø—Ä–µ–¥–ª–æ–∂–∏–ª–∞ –æ—Ç–ø—É—Å–∫ –∑–∞ —Å–≤–æ–π —Å—á—ë—Ç –¥–æ –º–æ–º–µ–Ω—Ç–∞ –∫–æ–≥–¥–∞ –Ω—É–∂–Ω–æ –±—É–¥–µ—Ç –≤—ã–π—Ç–∏ –≤ –Ω–æ–≤—ã–π –¥–µ–∫—Ä–µ—Ç, –æ–Ω–∏ –º–µ–Ω—è –æ—Ç–ø—Ä–∞–≤–∏–ª–∏ —Å–∫–∞–∑–∞–ª–∏, –Ω–∞–¥–æ –æ–±—Å—É–¥–∏—Ç—å —Å –≥–ª. –ë—É—Ö–≥–∞–ª—Ç–µ—Ä–æ–º. Ps —á—Ç–æ —Å–∫–∞–∂–µ—Ç–µ. –°–ø–∞—Å–∏–±–æ üíê@moscowlegal"
15249,17909644576123672,"–¢–µ–º–∞ –≠–≤–µ—Ä–µ—Å—Ç–∞ –º–æ—è –ª—é–±–∏–º–∞—è –∏ –æ–±–µ –∫–Ω–∏–≥–∏ –ø—Ä–æ—á–∏—Ç–∞–ª–∞ üòç  —è –≤–æ—Ç –¥—É–º–∞–ª–∞ –Ω–∞–¥ —Ç–µ–º ""–∫—Ç–æ –ø—Ä–∞–≤, –∫—Ç–æ –≤–∏–Ω–æ–≤–∞—Ç"", ""–∫—Ç–æ —Å–¥–µ–ª–∞–ª —á—Ç–æ-—Ç–æ, –∞ –∫—Ç–æ –Ω–µ—Ç""... –ù–∞–≤–µ—Ä–Ω–æ —Ç—Ä—É–¥–Ω–æ —Å—É–¥–∏—Ç—å,–∫–æ–≥–¥–∞ –æ–±–∞ –ø–∏—à—É—Ç —Å–æ —Å–≤–æ–µ–π –∫–æ–ª–æ–∫–æ–ª—å–Ω–∏: —É –∫–∞–∂–¥–æ–≥–æ —Å–≤–æ–µ –º–Ω–µ–Ω–∏–µ, —Å–≤–æ–µ –≤–∏–¥–µ–Ω–∏–µ —Å–∏—Ç—É–∞—Ü–∏–∏ –∏ –∫–∞–∫ –∂–∞–ª—å,—á—Ç–æ –∏—Å—Ç–∏–Ω—ã –≤ —ç—Ç–æ—Ç –≤–æ–ø—Ä–æ—Å–µ –Ω–µ—Çüòî –Ω–æ –∫–Ω–∏–≥–∞ –æ—Ç —ç—Ç–æ–≥–æ —Ö—É–∂–µ –Ω–µ —Å—Ç–∞–Ω–æ–≤–∏—Ç—Å—è!üëç"
42676,17869286968330126,"@elena_baida –∫ —Å–æ–∂–∞–ª–µ–Ω–∏—é –∏–∑ —É—Å—Ç –Ω–µ–ø–æ—Å—Ä–µ–¥—Å—Ç–≤–µ–Ω–Ω—ã—Ö —Å–≤–∏–¥–µ—Ç–µ–π –∑–Ω–∞—é —Ç–∞–∫–∏–µ –ø–µ—á–∞–ª—å–Ω—ã–µ —Å–ª—É—á–∞–∏ üò£ –ø—Ä—è–º–æ –≤ –ø–µ—Ä–∏–Ω–∞—Ç–∞–ª—å–Ω–æ–º —Ü–µ–Ω—Ç—Ä–µ...–ø—Ä–∏—á–µ–º –ø–æ–¥—Ä—É–≥–∞, –∑–Ω–∞—è, —á—Ç–æ —è –µ–¥—É —Ç—É–¥–∞ —Ä–æ–∂–∞—Ç—å (–≥–æ—Ä–æ–¥ –Ω–∞–º–µ—Ä–µ–Ω–Ω–æ –Ω–µ –Ω–∞–∑—ã–≤–∞—é), —Å–∫—Ä—ã–≤–∞–ª–∞ –æ—Ç –º–µ–Ω—è —ç—Ç—É –∏–Ω—Ñ–æ—Ä–º–∞—Ü–∏—é...—É–∑–Ω–∞–ª–∞ —è –ø–æ–∑–¥–Ω–µ–µ...–∏ –ø—Ä–∏—á–∏–Ω–∞, –±–∞–Ω–∞–ª—å–Ω–æ - —É—Å—Ç–∞–ª–æ—Å—å –∏ –ø–µ—Ä–µ—É—Ç–æ–º–ª–µ–Ω–∏–µ...—ç—Ç–æ —É–∂–∞—Å–Ω–æ, –∫–æ–Ω–µ—á–Ω–æ...—è —Å–∞–º–∞ –Ω–µ  —Å–ø–∞–ª–∞ —Å —Ä–µ–±–µ–Ω–∫–æ–º –≤ –æ–¥–Ω–æ–π –ø–æ—Å—Ç–µ–ª–∏ –º–µ—Å—è—Ü–µ–≤ –¥–æ —Ç—Ä–µ—Ö –∏–ª–∏ —á–µ—Ç—ã—Ä–µ—Ö, –ø–æ–∫–∞ –Ω–µ –ø–æ—á—É–≤—Å—Ç–≤–æ–≤–∞–ª–∞ –≤ —Å–µ–±–µ –¥–æ—Å—Ç–∞—Ç–æ—á–Ω–æ —Å–∏–ª, –∞ —Å—ã–Ω –∑–∞–º–µ—Ç–Ω–æ –ø–æ–¥—Ä–æ—Å, –¥–∞ –∏ –Ω–∞—É—á–∏–ª—Å—è –ø–µ—Ä–µ–≤–æ—Ä–∞—á–∏–≤–∞—Ç—å—Å—è, –∏ –±—ã–ª–æ –∫–∞–∫-—Ç–æ —Å–ø–æ–∫–æ–π–Ω–æ..."
8653,17870902015158780,"–ê –≤–æ—Ç —Å —â–µ—Ç–∫–æ–π –≤—Å—ë –º–Ω–µ –Ω–µ –Ω–∞–π—Ç–∏ –∏–¥–µ–∞–ª—å–Ω—É—é. –ì–¥–µ-—Ç–æ –¥–æ 2-—Ö –ª–µ—Ç –∏—Å–ø–æ–ª—å–∑–æ–≤–∞–ª–∏ Pigeon. –û—á–µ–Ω—å –æ–Ω–∏ –º–Ω–µ –Ω—Ä–∞–≤–∏–ª–∏—Å—å, –Ω–æ –ø–æ—Ç–æ–º —Å—Ç–∞–ª–æ –Ω–µ —É–¥–æ–±–Ω–æ –∏–º–∏ —á–∏—Å—Ç–∏—Ç—å, –≤—Å—ë-—Ç–∞–∫–∏ –º–∞–ª–æ–≤–∞—Ç—ã –æ–Ω–∏. –ü–æ—Ç–æ–º –ø—Ä–æ–±–æ–≤–∞–ª–∏ –≤—Å—é –ª–∏–Ω–µ–π–∫—É –†–æ–∫—Å, –æ–Ω–∏ –º–Ω–µ —Å–æ–≤—Å–µ–º –Ω–µ –ø–æ–Ω—Ä–∞–≤–∏–ª–∏—Å—å, —á–µ—Ä–µ–∑ –Ω–µ–¥–µ–ª—é —â–µ—Ç–∏–Ω–∞ —Ä–∞—Å–ø–æ–ª–∑–∞–µ—Ç—Å—è –≤ —Ä–∞–∑–Ω—ã–µ —Å—Ç–æ—Ä–æ–Ω—ã. –°–µ–π—á–∞—Å –∏—Å–ø–æ–ª—å–∑—É–µ–º Chicco, –≤—Ä–æ–¥–µ –Ω—Ä–∞–≤–∏—Ç—Å—è, –Ω–æ –≤—Å—ë-—Ä–∞–≤–Ω–æ –∫–∞–∫-—Ç–æ –¥—É—à–∞ –ª–µ–∂–∏—Ç —á—Ç–æ –ª–∏... –í—Å—ë —Ö–æ—á—É –ø–æ–ø—Ä–æ–±–æ–≤–∞—Ç—å CURAPROX Curakid. @simplexclinic –æ–Ω–∏ –¥–µ–π—Å—Ç–≤–∏—Ç–µ–ª—å–Ω–æ —Ç–∞–∫ —Ö–æ—Ä–æ—à–∏, –∫–∞–∫ –ø—Ä–æ –Ω–∏—Ö –≥–æ–≤–æ—Ä—è—Ç?"
49568,18063060043199668,"–ú–Ω–µ –º–æ–π –≤ —Ñ–µ–≤—Ä–∞–ª–µ –µ—â–µ —Å–∫–∞–∑–∞–ª (–∫–∞–∫ —â–∞—Å –ø–æ–º–Ω—é): —è –≤–æ—Ç —Ç–∞–∫–æ–π –≤–æ—Ç, –±–ª*–¥—å, –∏ —É–∂–µ –Ω–µ –∏–∑–º–µ–Ω—é—Å—å! –ò —è –æ—Ç–≤–µ—Ç–∏–ª–∞: –¥–æ —Å–≤–∏–¥–∞–Ω–∏—è, –º–∏–ª–æ–µ —Å–æ–∑–¥–∞–Ω–∏–µ. –í –º–∞–µ –≤—Ä–æ–¥–µ –æ–¥—É–º–∞–ª—Å—è –∏ –≤–µ—Ä–Ω—É–ª—Å—è, –¥–∞–ª–∞ –ø–æ—Å–ª–µ–¥–Ω–∏–π —à–∞–Ω—Å. –•–≤–∞—Ç–∏–ª–æ –µ–≥–æ –º–µ–Ω—å—à–µ, —á–µ–º –Ω–∞ –Ω–µ–¥–µ–ª—é.  –Ø —Å–∫–∞–∑–∞–ª–∞ —Å–æ–±–∏—Ä–∞–π —Å–≤–æ–∏ –≤–µ—â–∏ –∏ –ø—Ä–æ–≤–∞–ª–∏–≤–∞–π. –° —Ç–µ—Ö –ø–æ—Ä –¥–∞–∂–µ –Ω–µ –ø—ã—Ç–∞–ª—Å—è –≤–µ—Ä–Ω—É—Ç—å—Å—è. –î–æ —ç—Ç–æ–≥–æ –æ–Ω —É–∂–µ —Ä–∞–∑–∞ 3 –æ—Ç –º–µ–Ω—è —É—Ö–æ–¥–∏–ª –∑–∞ 5 –ª–µ—Ç. –¢–µ–ø–µ—Ä—å —è –ø–æ–Ω–∏–º–∞—é, —á—Ç–æ –ª—é–¥–∏ –Ω–µ –º–µ–Ω—è—é—Ç—Å—è, –∞ —Ä–∞–Ω—å—à–µ —Ö–æ–¥–∏–ª–∞ –≤ –∫–∞–∫–∏—Ö-—Ç–æ —Ä–æ–∑–æ–≤—ã—Ö –æ—á–∫–∞—Ö, –¥–∞–≤–∞–ª–∞ 100500 —à–∞–Ω—Å–æ–≤ –∏ –≤—Å—ë –Ω–∞ —á—Ç–æ-—Ç–æ –Ω–∞–¥–µ—è–ª–∞—Å—å. –ú–∞—à–∞, —É –í–∞—Å –µ—Å—Ç—å —Ä–µ–±—ë–Ω–æ–∫ –∏ —ç—Ç–æ —Å–∞–º–æ–µ –≥–ª–∞–≤–Ω–æ–µ. –í—Å–µ —Ç—Ä—É–¥–Ω–æ—Å—Ç–∏ –≤—Ä–µ–º–µ–Ω–Ω—ã –∏ –∫–æ–≥–¥–∞-–Ω–∏–±—É–¥—å –æ–Ω–∏ –ø—Ä–æ–π–¥—É—Ç, –Ω–∞–¥–æ –≤ —ç—Ç–æ –≤–µ—Ä–∏—Ç—å, –Ω–µ —É–Ω—ã–≤–∞—Ç—å –∏ –¥–µ—Ä–∂–∞—Ç—å —Ö–≤–æ—Å—Ç –ø–∏—Å—Ç–æ–ª–µ—Ç–æ–ºüëçüèª"
52684,18088745248124190,"@rulitkor ¬´–óa–±o—Ç—å—Çec—å o c–≤oe–º —Çe–ªe. –≠—Ço e–¥–∏–Ωc—Ç–≤e–Ω–Ωoe –ºec—Ço, –≥–¥e –≤a–º –øp–∏–¥e—Çc—è –∂–∏—Ç—å –øoc—Ço—è–Ω–Ωo¬ª,¬†‚Äî –î–∂–∏–º Po–Ω  –û—á–µ–Ω—å —á–∞—Å—Ç–æ —á–µ–ª–æ–≤–µ–∫ –Ω–µ –≤–µ—Ä–Ω–æ –ø–æ–Ω–∏–º–∞–µ—Ç —Å–∏–≥–Ω–∞–ª—ã —Å–≤–æ–µ–≥–æ –æ—Ä–≥–∞–Ω–∏–∑–º–∞ (–ø–æ —Å–∞–º—ã–º —Ä–∞–∑–Ω—ã–º –ø—Ä–∏—á–∏–Ω–∞–º). –û—á–µ–Ω—å —á–∞—Å—Ç–æ –ø–æ—Ç—Ä–µ–±–Ω–æ—Å—Ç—å –≤ –∂–∏–¥–∫–æ—Å—Ç–∏, —Ç—Ä–∞–∫—Ç—É–µ—Ç—Å—è –∫–∞–∫ ¬´–ø–æ—Ä–∞ –ø–æ–¥–∫—Ä–µ–ø–∏—Ç—å—Å—è¬ª. –ü–æ–ø—Ä–æ–±—É–π—Ç–µ –ø—Ä–∏—Å–ª—É—à–∞—Ç—å—Å—è –∫ —Å–µ–±–µ, –ø—Ä–µ–∂–¥–µ —á–µ–º –±—Ä–∞—Ç—å –≤ —Ä—É–∫—É –ª–æ–∂–∫—É/–≤–∏–ª–∫—É. üòâ"
1123,17847339883046898,"@juliaustinina –¥–µ–Ω—å –¥–æ–±—Ä—ã–π, –µ—Å–ª–∏ –± —è –∑–Ω–∞–ª–∞. –ü–æ –µ–µ —Å–ª–æ–≤–∞–º –∞—Ä–º—è–Ω—Å–∫–∏–µ –≤—ã—Å–æ–∫–æ–≥–æ—Ä–Ω—ã–µ. –Ø –∏—Ö —Ä–∞—Å—Å–º–∞—Ç—Ä–∏–≤–∞–ª–∞ –∏ –Ω—é—Ö–∞–ª–∞, –Ω–æ –Ω–µ –ø–æ–Ω—è–ª–∞ —á—Ç–æ —Ç–∞–º —Ç–∞–∫–æ–µ.–ü—Ä–æ –∫—Ä–µ–º —è —Å–ø—Ä–æ—Å–∏–ª–∞ –Ω–µ –≥–æ—Ä–º–æ–Ω–∞–ª—å–Ω—ã–π –ª–∏ –æ–Ω, –æ–Ω–∞ —Ç–æ–∂ —Å–∫–∞–∑–∞–ª–∞, —á—Ç–æ –æ—Å–Ω–æ–≤–∞ –≤–∞–∑–µ–ª–∏–Ω –∏ —Ç—Ä–∞–≤–∫–∏. –ú—ã –¥–æ–ª–≥–æ —Å–æ–º–Ω–µ–≤–∞–ª–∏—Å—å —Ä–∏—Å–∫–æ–≤–∞—Ç—å –∏–ª–∏ –Ω–µ—Ç. –ß—Ç–æ —Ç–∞–º –Ω–∞–º–µ—à–∞–Ω–æ –∂–µ—à –Ω–µ –ø–æ–Ω—è—Ç–Ω–æ. –ù–æ –ø–æ—Å–ª–µ —Ç–æ–≥–æ, –∫–∞–∫ –Ω–∞ –≥–ª–∞–∑–∞—Ö —Ä–µ–±–µ–Ω–æ–∫ —Å—Ç–∞–ª —Å —á–∏—Å—Ç–æ–π –∫–æ–∂–µ–π..."
58702,17859224371640872,"–°–ø–∞—Å–∏–±–æ –∑–∞ –≤–∞—à–µ —Ç–≤–æ—Ä—á–µ—Å—Ç–≤–æ –ê—Ä—Ç–µ–º) –ü–æ–ª–Ω–æ—Å—Ç—å—é —Å–æ–≥–ª–∞—Å–µ–Ω. –§–∏–ª—å–º –¥–æ—Å—Ç–∞—Ç–æ—á–Ω–æ –Ω–µ–ø–ª–æ—Ö –¥–ª—è –ø—Ä–æ—Ö–æ–¥–Ω—è–∫–∞, –∑—Ä–µ–ª–∏—â–Ω—ã–π –Ω–æ –ø–µ—Ä–µ–Ω–∞—Å—ã—â–µ–Ω–Ω—ã–π. –ú–Ω–æ–≥–æ —Å—é–∂–µ—Ç–Ω—ã—Ö –¥—ã—Ä –∏ ""–≤–æ—Ç—ç—Ç–æ–ø–æ–≤–æ—Ä–æ—Ç–æ–≤"", –†–µ–π –ø–µ—Ä–µ–∏–º–±–æ–≤–∞–ª–∏(—Ö–æ—Ç—è –æ–¥–Ω—É –µ–µ —Å–∏–ª—É –ø–æ–∫–∞–∑–∞–ª–∏ –≤ 7 —Å–µ—Ä–∏–∏ –ú–∞–Ω–¥–∞–ª–æ—Ä—Ü–∞), —Ç–∞–∫ —á—Ç–æ –≤–∏–¥–Ω–æ, —á—Ç–æ –ø–æ–Ω–∞–ø–∏—Ö–∞–ª–∏ –≤—Å–µ–≥–æ. –ù–µ —Å–∫–∞–∑–∞—Ç—å, —á—Ç–æ —è –Ω–µ–¥–æ–≤–æ–ª–µ–Ω ,–Ω–æ –æ–∑–∞–¥–∞—á–µ–Ω —Ç–æ—á–Ω–æ. –≠—Ç–æ —Ç–µ–ø–µ—Ä—å –Ω–µ –Ω–∞—à–∏ ""—Å—Ç–∞—Ä—ã–µ-–¥–æ–±—Ä—ã–µ"", –∞ —Ç–∏–ø–∏—á–Ω—ã–π –±–ª–æ–∫–±–∞—Å—Ç–µ—Ä —Å –≥—Ä–∞—Ñ–∏–∫–æ–º. –ö–∞–∫ —Ç–æ —Ç–∞–∫üëê"
28138,17952158632130488,"–ê–Ω—è, –ø–æ–¥–¥–µ—Ä–∂–∏–≤–∞—é –í–∞—Å, –≤–æ—Å–ø–∏—Ç–∞–Ω–∏–µ –Ω–µ –æ–ø—Ä–µ–¥–µ–ª—è–µ—Ç —Ö–∞—Ä–∞–∫—Ç–µ—Ä. –°–µ–π—á–∞—Å –µ–π 2,5 –≥. –ù–∞—á–∞–ª–æ—Å—å –≤—Å–µ —Å –ø–ª–æ—Ö–æ–≥–æ —Å–Ω–∞ –≤ 1 –º–µ—Å,–∞ –ø–æ—Ç–æ–º –ø–æ–Ω–µ—Å–ª–æ—Å—å.–ü–µ—Ä–µ–º–µ–Ω—ã –Ω–∞—Å—Ç—Ä–æ–µ–Ω–∏—è,—Ö–æ—á—É -–Ω–µ —Ö–æ—á—É, –æ–±–∏–¥—ã –∏ —Ç.–ø. –î–∞–∂–µ –∫ –æ—Å—Ç–µ–æ–ø–∞—Ç—É –≤–æ–∑–∏–ª–∏ –µ—ë –≤ 3 –º–µ—Å. –ê –æ–Ω –Ω–∞–º —Å—Ä–∞–∑—É –∏ —Å–∫–∞–∑–∞–ª,—á—Ç–æ —É —Ä–µ–±—ë–Ω–∫–∞ –≤—Å–µ –æ–∫,—ç—Ç–æ —Ö–∞—Ä–∞–∫—Ç–µ—Ä —É –Ω–µ—ë —Ç–∞–∫–æ–π.–Ø —Ç–æ–≥–¥–∞ —Å–∫–µ–ø—Ç–∏—á–µ—Å–∫–∏ –æ—Ç–Ω–µ—Å–ª–∞—Å—å –∫ –µ–≥–æ —Å–ª–æ–≤–∞–º,–Ω–æ –∫–∞–∫ –æ–Ω –±—ã–ª –ø—Ä–∞–≤...üòä"
990,17853471067046668,"@ann9_00, —ç—Ç–æ –ø—Ä–µ–∫—Ä–∞—Å–Ω–æ, –Ω–æ –Ω–∞ —Å–µ–±—è, —ç—Ç–æ –ª–∏—á–Ω–æ —É –º–µ–Ω—è, –≤—Ä–µ–º–µ–Ω–∏ –ø–æ—á—Ç–∏ –Ω–µ—Ç. –î–∞ –∏ –ø–æ–±—ã—Ç—å –≤ –¥–≤–æ–µ–º —Å –º—É–∂–µ–º —Ç–æ–∂–µ. –ê —É –Ω–∞—Å —Ç–∞–∫–∏–µ –º–∞–ª—å—á–∏—à–∫–∏, —á—Ç–æ –≤—Å–µ –∫–∞—Ñ–µ –≥–æ—Ä–æ–¥–∞ –Ω–∞—Å –∑–Ω–∞—é—Ç —É–∂–µüòÇüòÇ –Ω–∞—Å —Ö–≤–∞—Ç–∞–µ—Ç –Ω–∞ 5 –º–∏–Ω—É—Ç —Ç–∏—à–∏–Ω—ã –≤–æ –≤—Ä–µ–º—è –ø–æ–µ–¥–∞–Ω–∏—è. –ù–æ –µ—Å—Ç—å —Å–µ–º—å–∏,  —É –∫–æ—Ç–æ—Ä—ã—Ö –ø–æ –¥—Ä—É–≥–æ–º—É))) –Ω–µ –∑–Ω–∞—é –∫–∞–∫ –æ–Ω–∏ —ç—Ç–æ –¥–µ–ª–∞—é—Ç‚ò∫Ô∏è‚ò∫Ô∏è‚ò∫Ô∏è‚ò∫Ô∏è"
35663,17990439454109088,"@juli_vintilova –∫–∞–∫ –Ω–∞ —Ñ–æ—Ç–æ –º–Ω–µ –æ—á–µ–Ω—å –Ω—Ä–∞–≤–∏—Ç—Å—è. –°–µ–π—á–∞—Å —Ç–æ –æ–Ω–∏ –¥–ª–∏–Ω–Ω–µ–µ. –Ø –Ω–∞–ø–∏—Å–∞–ª–∞ –≤–Ω–∏–∑—É —á—Ç–æ —Ñ–æ—Ç–æ –≤–µ—Å–µ–Ω–Ω–µ–µ , –º–∞–∞–∞–∞–ª–µ–Ω—å–∫–∏–º –Ω–µ –∑–∞–º–µ—Ç–Ω—ã–º —à—Ä–∏—Ñ—Ç–æ–º üòäüòö –®—É—á—É, –ø—Ä–æ—Å—Ç–æ –Ω–∏–∫—Ç–æ –Ω–µ –∑–∞–º–µ—á–∞–µ—Ç . –ê —è –Ω–∞–ø–∏—Å–∞–ª–∞ —á—Ç–æ –∫—Ä–∞—Å–∏–ª–∞—Å—å –≤ —Ñ–µ–≤—Ä–∞–ª–µ , —Å—Ç—Ä–∏–≥–ª–∞—Å—å —Ç–æ–≥–¥–∞ –∂–µ))) –ú–Ω–µ –≤–æ—Ç —Ç–≤–æ—ë –∫–∞–ø–µ –Ω—Ä–∞–≤–∏—Ç—Å—è üòä"
25766,17972180113010666,"@marina.gordeewa –∞ —Ñ—Ä—É–∫—Ç—ã, —Å—É—Ö–æ—Ñ—Ä—É–∫—Ç—ã –º–æ–∂–Ω–æ? –í–æ—Ç —Ñ–∏–Ω–∏–∫–∏ –æ—á–µ–Ω—å —Å–ª–∞–¥–∫–∏–µ. –° –Ω–∏–º–∏ –º–æ–∂–Ω–æ —Å–¥–µ–ª–∞—Ç—å –¥–µ—Å–µ—Ä—Ç. –í–º–µ—Å—Ç–æ —Å–∞—Ö–∞—Ä–∞ —Å–∏—Ä–æ–ø —Ç–æ–ø–∏–Ω–∞–º–±—É—Ä–∞ –µ—â—ë –º–æ–∂–Ω–æ. –°–µ–π—á–∞—Å —Å—Ç–æ–ª—å–∫–æ –¥–µ—Å–µ—Ä—Ç–æ–≤ –Ω–∞ –∑–∞–∫–∞–∑ –¥–µ–ª–∞—é—Ç –±–µ–∑ —Å–∞—Ö–∞—Ä–∞ –∏ –±–µ–ª–æ–π –º—É–∫–∏! –û–≥—Ä–æ–º–Ω—ã–π –≤—ã–±–æ—Ä. –ò —Ä–µ—Ü–µ–ø—Ç—ã –≤ –∏–Ω—Ç–µ—Ä–Ω–µ—Ç–µ –µ—Å—Ç—å."
42866,18028053628069270,"–§–∏—à–∫–∏: 1)–í—Ö–æ–¥ —Å —Ñ–æ—Ç–æ–∑–æ–Ω–æ–π  –í —Å—Ç–∏–ª–µ –≤–æ–≥ (–∫—É–± –∞ –≤–Ω—É—Ç—Ä–∏ –ª–∞–º–ø—ã –ø–æ –≤–µ—Ä—Ç–∏–∫–∞–ª–µ ,—Å–æ–∑–¥–∞—ë—Ç—Å—è –ø—Ä–æ–µ–∫—Ü–∏—è—Ö ,–∫–∞–∫ —Ç—É–Ω–µ–ª—å) , 2)–ú–æ–∂–Ω–æ –∑–∞–∫—É–ø–∏—Ç—å —Å—Ç—Ä–∞–∑—ã –¥–ª—è –ª–∏—Ü–∞ –∏ –¥–µ–ª–∞—Ç—å –≥–æ—Å—Ç—è–º –ú–∞—Å–∫–∏ –∏–∑ –∫–∞–º–Ω–µ–π ,–±–ª–µ—Å—Ç–∫–∏ –¥–ª—è —Ç–µ–ª–∞! –°—ä–µ–¥–æ–±–Ω—ã–µ –±–ª–µ—Å—Ç–∫–∏ –∏—Å–ø–æ–ª—å–∑–æ–≤–∞—Ç—å –Ω–∞ —É–≥–æ—â–µ–Ω–∏—è  3)–ù—É –¥–∏–¥–∂–µ–π ,–ª—É—á—à–µ –¥–µ–≤–æ—á–∫–∞ —Å —ç–ª–µ–º–µ–Ω—Ç–∞–º–∏ –ª–∞–∑–µ—Ä–Ω–æ–≥–æ —à–æ—É  4)–°–¥–µ–ª–∞—Ç—å –Ω–∞ –∑–∞–∫–∞–∑ –∏–Ω—Ç–µ—Ä–µ—Å–Ω—ã–µ –±–æ–∫–∞–ª—ã –¥–ª—è —à–∞–º–ø–∞–Ω—Å–∫–æ–≥–æ (—Ñ—ç—à–Ω)–∏ —Ç–∞–∫–∂–µ –æ—Ñ–æ—Ä–º–∏—Ç—å –±—É—Ç—ã–ª–∫–∏(–º–æ–∂–Ω–æ –≤ –∫–∏—Å–ª–æ—Ç–Ω–æ–º —Å—Ç–∏–ª–µ ,—á—Ç–æ –±—ã –æ–Ω–∏ —Å–≤–µ—Ç–∏–ª–∏—Å—å)  5)—Å–ø–µ—Ü—ç—Ñ—Ñ–µ–∫—Ç—ã:–ª–∞–∑–µ—Ä–Ω—ã–µ —à–æ—É, –ø—Ä–æ–µ–∫—Ç–æ—Ä—ã –∑–≤–µ–∑–¥–Ω–æ–≥–æ –Ω–µ–±–∞,—ç—Å—Ç—Ä–∞–¥–Ω—ã–π —Ü–≤–µ—Ç–Ω–æ–π –¥—ã–º 7)–≤—Å–µ –ª—é–±—è—Ç –ø–∞—Ä—Ñ—é–º (—Å–¥–µ–ª–∞—Ç—å –≤—ã—Å—Ç–∞–≤–∫—É —Å –ø–∞—Ä—Ñ—é–º–æ–º –≤ –∫—Ä–∞—Å–∏–≤—ã—Ö –±—É—Ç—ã–ª–æ—á–∫–∞—Ö(–≤–æ–∑–º–æ–∂–Ω–æ –¥–∞—Ä–∏—Ç—å  –∏—Ö –≥–æ—Å—Ç—è–º,–ø—Ä–æ–±–Ω–∏–∫–∏ ) 8)–º–æ–∂–Ω–æ –∑–µ—Ä–∫–∞–ª–∞ —Ä–∞—Å—Å—Ç–∞–≤–∏—Ç—å –∏ —Ç–∞–º –≥–æ—Å—Ç–∏ –Ω–∞ –Ω–∏—Ö –º–æ–≥—É—Ç —Ä–∏—Å–æ–≤–∞—Ç—å –Ω–µ–æ–Ω–æ–≤—ã–º–∏ –∫—Ä–∞—Å–∫–∞–º–∏ (–∫–∞–∫ –ø–æ—Ä—Ç–∞–ª—ã) –û—Ñ–æ—Ä–º–ª–µ–Ω–∏–µ –∑–∞–ª–∞ –≤ —Å—Ç–∏–ª–∏ –∫–æ—Å–º–æ—Å–∞ ,—á—Ç–æ –≤ —Å—Ç–∏–ª–µ –æ—Ö–≤–∞—Ç–∏–ª–∞ –≤–µ—Å—å –º–∏—Ä ) –ö–∞—Ä—Ç–∏–Ω—ã –∫–æ—Ç–æ—Ä—ã–µ —Å –ø–æ–¥—Å–≤–µ—Ç–∫–æ–π"
13587,17915473939059328,"–ú—ã –ø–æ—à–ª–∏ –≤ –≥–æ–¥ –∏ 9.–ø—Ä–∞–≤–¥–∞ —ç—Ç–æ –±—ã–ª–∞ –≤—ã–Ω—É–∂–¥–µ–Ω–Ω–∞—è –º–µ—Ä–∞, —Ç–∫ –Ω—É–∂–Ω–æ –±—ã–ª–æ –≤—ã—Ö–æ–¥–∏—Ç—å –Ω–∞ —Ä–∞–±–æ—Ç—É. –†–µ–±–µ–Ω–æ–µ —Ö–æ—Ä–æ—à–æ —Ö–æ–¥–∏—Ç, –Ω–µ —Å–∫–∞–Ω–¥–∞–ª–∏—Ç. –í –≥—Ä—É–ø–ø–µ 18-22 —á–µ–ª, –≤–æ—Å–ø–∏—Ç–∞—Ç–µ–ª–∏ –Ω–æ—Ä–º–∞–ª—å–Ω—ã–µ.–Ω–∞—à–∏ —Å–ø—è—Ç –≤ –æ—Ç–¥–µ–ª—å–Ω–æ–π –∫–æ–º–Ω–∞—Ç–µ, –Ω–æ —É –Ω–∞—Å —è—Å–ª–∏.–≤ —Å–∞–¥—É –≤—Ä–æ–¥–µ –≤–µ–∑–¥–µ –≤—ã–∫–∞—Ç–Ω—ã–µ –∫—Ä–æ–≤–∞—Ç–∏. –ê –ø–æ –ø–æ–≤–æ–¥—É —Å–∞–º–æ–≥–æ —Å–Ω–∞, —Ç–æ –º–æ–π –æ—Å—Ç–∞–ª—Å—è —á–µ—Ä–µ–∑ 2 –Ω–µ–¥–µ–ª–∏ –Ω–∞ —Å–æ–Ω, –∑–∞—Å—ã–ø–∞–µ—Ç –ø–µ—Ä–≤—ã–π –∏ –ø—Ä–æ—Å—ã–ø–∞–µ—Ç—Å—è –ø–æ—Å–ª–µ–¥–Ω–∏–π)); —Ö–æ—Ç—è –¥–æ —Å–∞–¥–∏–∫–∞ –±–µ–∑ –º–µ–Ω—è –Ω–µ –∑–∞—Å—ã–ø–∞–ª. –ü–æ—ç—Ç–æ–º—É —Ç—É—Ç –≤–∞–∂–µ–Ω –Ω–∞—Å—Ç—Ä–æ–π —Å–∞–º–æ–π –º–∞–º—ã –≤ –ø–µ—Ä–≤—É—é –æ—á–µ—Ä–µ–¥—å, –¥–µ—Ç–∏ –∂–µ —ç—Ç–æ —á—É–≤—Å—Ç–≤—É—é—Ç"
20190,17887141789218300,"–í –∑–∞–ª–∞—Ö –ø–∞—Ö–Ω—É—Ç—å –Ω–µ –¥–æ–ª–∂–Ω–æ, —Ç–∞–º –¥–ª—è —ç—Ç–æ–≥–æ –≤—ã—Ç—è–∂–∫–∏. –ò –≥–æ—Ç–æ–≤–∞—è –ø—Ä–æ–¥—É–∫—Ü–∏—è –Ω–µ —Ö—Ä–∞–Ω–∏—Ç—Å—è —É–∂–µ –¥–∞–≤–Ω–æ. –ö–æ–≥–¥–∞ –±—ã–ª–æ –æ–±–æ—Ä—É–¥–æ–≤–∞–Ω–∏–µ –¥–ª—è —Ö—Ä–∞–Ω–µ–Ω–∏—è –ø—Ä–æ–¥—É–∫—Ü–∏–∏ - —Ç–∞–π–º–µ—Ä —Å—Ç–∞–≤–∏–ª–∏ –Ω–∞ 15, –∞ –Ω–µ –Ω–∞ 20 –º–∏–Ω. –ò —á—Ç–æ –∑–Ω–∞—á–∏—Ç ""–Ω–µ –º–µ–Ω—è—é—Ç –≤–∫—É—Å –ø—Ä–æ–¥—É–∫—Ç–∞""? –ë—É–ª–∫–∞ —Å —Å–æ—É—Å–æ–º, —Å–∞–ª–∞—Ç–æ–º –∏ –∫–æ—Ç–ª–µ—Ç–æ–π, –Ω–∏—á–µ–≥–æ —Ç–∞–º —Å–≤–µ—Ä—Ö—ä–µ—Å—Ç–µ—Å—Ç–≤–µ–Ω–Ω–æ–≥–æ –Ω–µ—Ç. –ó–∞—á–µ–º —Å—Ç–æ–ª—å–∫–æ –Ω–µ–≥–∞—Ç–∏–≤–∞?"
59252,18017811550248420,"@asmik.vayereytor —á—Ç–æ –∑–Ω–∞—á–∏—Ç –ø—Å–∏—Ö–æ–ª–æ–≥–∏—á–µ—Å–∫–∏? –í—ã —Å—Ç—Ä–∞–Ω–Ω–∞—è –∂–µ–Ω—â–∏–Ω–∞, —Å—Ö–æ–¥–∏—Ç–µ—Å—å —Å –º—É–∂—á–∏–Ω–æ–π , –∏–º–µ—è —Ä–µ–±–µ–Ω–∫–∞ –Ω–∞ —Ä—É–∫–∞—Ö. –ó–∞—Ç–µ–º —Ä–æ–∂–∞–µ—Ç–µ –≤—Ç–æ—Ä–æ–≥–æ, –∞ –æ–Ω –Ω–∞ –≤–∞—Å –∏ –ø–æ—Å–ª–µ —ç—Ç–æ–≥–æ –Ω–µ –∂–µ–Ω–∏–ª—Å—è. –í—ã —á—Ç–æ –Ω–µ –ø–æ–Ω–∞–º–∞–ª–∏, —á—Ç–æ –æ–Ω –≤–∞—Å –Ω–µ –ª—é–±–∏—Ç –∏ –Ω–µ —É–≤–∞–∂–∞–µ—Ç, –∞ —Ç–µ–ø–µ—Ä—å –≤—ã —Ö–æ—Ç–∏—Ç–µ —á—Ç–æ –æ—Ç –Ω–µ–≥–æ? –ó–∞–∫–ª—é—á–∏—Ç–µ —Å –Ω–∏–º —Å–æ–≥–ª–∞—à–µ–Ω–∏–µ, –ø–æ –∫–æ—Ç–æ—Ä–æ–º—É –æ–Ω –±—É–¥–µ—Ç –ø–æ—Å—Ä–µ–¥—Å—Ç–≤–æ–º –∏–º—É—â–µ—Å—Ç–≤–∞ –∏ —Ü–µ–ª–µ–≤—ã—Ö –≤—ã–ø–ª–∞—Ç —Å–æ–¥–µ—Ä–∂–∞—Ç—å —Ä–µ–±–µ–Ω–∫–∞, –±–µ–∑ –Ω–∞–ø—Ä–∞–≤–ª–µ–Ω–∏—è –≤–∞–º –¥–µ–Ω–µ–≥, —Ç –∫ –æ–Ω –≤–∞–º –Ω–µ –¥–æ–≤–µ—Ä—è–µ—Ç –∏ –Ω–µ —É–≤–∞–∂–∞–µ—Ç."
